Minute,T_Out,Heater_Status,T_Indoor_True,T_Sensor_Noisy
0,-3.5600000000000001,1,20.011199999999999,20.104600000000001
1,-3.7300000000000000,1,20.022200000000002,20.131300000000000
2,-3.6000000000000001,1,20.033300000000001,19.867200000000000
3,-3.4500000000000002,1,20.044499999999999,19.983300000000000
4,-2.6899999999999999,1,20.056400000000000,20.298200000000001
5,-2.5499999999999998,1,20.068300000000001,20.212199999999999
6,-2.4300000000000002,1,20.080300000000001,20.108699999999999
7,-2.6099999999999999,1,20.092099999999999,20.054200000000002
8,-2.3799999999999999,1,20.104199999999999,20.079300000000000
9,-2.25,1,20.116299999999999,20.016800000000000
10,-1.7700000000000000,1,20.128799999999998,19.954699999999999
11,-2.2700000000000000,1,20.140899999999998,19.816199999999998
12,-2.1499999999999999,1,20.153099999999998,19.645000000000000
13,-1.8000000000000000,1,20.165500000000002,19.789600000000000
14,-2.3199999999999998,1,20.177499999999998,19.846299999999999
15,-2.1099999999999999,1,20.189699999999998,19.778300000000002
16,-2.1400000000000001,1,20.201899999999998,19.859400000000001
17,-1.8600000000000001,1,20.214200000000002,19.960400000000000
18,-1.7000000000000000,1,20.226700000000001,19.894100000000002
19,-2.2300000000000000,1,20.238800000000001,19.984000000000002
20,-2.4199999999999999,1,20.250599999999999,20.036500000000000
21,-2.3999999999999999,1,20.262499999999999,20.035200000000000
22,-2.6299999999999999,1,20.274200000000000,20.249800000000000
23,-2.2400000000000002,1,20.286200000000001,20.125699999999998
24,-2.1099999999999999,1,20.298300000000001,20.084000000000000
25,-2.2300000000000000,1,20.310300000000002,20.234500000000001
26,-2.2999999999999998,1,20.322199999999999,20.184899999999999
27,-1.6299999999999999,1,20.334700000000002,20.317900000000002
28,-1.5400000000000000,1,20.347200000000001,20.606700000000000
29,-1.6100000000000001,1,20.359600000000000,20.363800000000001
30,-1.5,1,20.372199999999999,20.233400000000000
31,-2.1099999999999999,1,20.384200000000000,20.236699999999999
32,-2.7599999999999998,1,20.395700000000001,20.280500000000000
33,-2.6699999999999999,1,20.407200000000000,20.255800000000001
34,-3.1899999999999999,1,20.418399999999998,20.388300000000001
35,-3.2599999999999998,1,20.429400000000001,20.206499999999998
36,-4.0099999999999998,1,20.439900000000002,20.286600000000000
37,-3.8999999999999999,1,20.450399999999998,20.074400000000001
38,-3.9500000000000002,1,20.460899999999999,20.047300000000000
39,-4.5300000000000002,1,20.471000000000000,20.033100000000001
40,-4.6699999999999999,1,20.480899999999998,20.007999999999999
41,-4.1600000000000001,1,20.491199999999999,20.019400000000001
42,-3.8300000000000001,1,20.501700000000000,20.053699999999999
43,-3.7300000000000000,1,20.512400000000000,20.201100000000000
44,-3.6099999999999999,1,20.523099999999999,20.110600000000002
45,-3.6000000000000001,1,20.533799999999999,20.166799999999999
46,-3.2400000000000002,1,20.544799999999999,20.177199999999999
47,-3.2999999999999998,1,20.555700000000002,20.281099999999999
48,-4.0999999999999996,1,20.565999999999999,20.487200000000001
49,-4.5099999999999998,1,20.576000000000001,20.652000000000001
50,-4.1500000000000004,1,20.586200000000002,20.475400000000000
51,-4.2199999999999998,1,20.596399999999999,20.365100000000002
52,-3.6699999999999999,1,20.606999999999999,20.237800000000000
53,-3.1000000000000001,1,20.617999999999999,20.315400000000000
54,-3.1099999999999999,1,20.629100000000001,20.262300000000000
55,-2.8999999999999999,1,20.640200000000000,20.380199999999999
56,-3.2100000000000000,1,20.651199999999999,20.449400000000001
57,-2.5400000000000000,1,20.662600000000001,20.421099999999999
58,-2.7799999999999998,1,20.673900000000000,20.410900000000002
59,-3.0699999999999998,1,20.684899999999999,20.547300000000000
60,-2.9700000000000002,1,20.696000000000002,20.469300000000000
61,-3.4800000000000000,1,20.706700000000001,20.627800000000001
62,-3.3100000000000001,1,20.717500000000001,20.710200000000000
63,-3.5600000000000001,1,20.728100000000001,20.879999999999999
64,-3.4900000000000002,1,20.738700000000001,20.779800000000002
65,-3.4500000000000002,1,20.749400000000001,20.665700000000001
66,-3.5,1,20.760000000000002,20.542200000000001
67,-3.8999999999999999,1,20.770299999999999,20.555900000000001
68,-3.8199999999999998,1,20.780600000000000,20.487200000000001
69,-3.6400000000000001,1,20.791100000000000,20.564900000000002
70,-4.0800000000000001,1,20.801200000000001,20.592500000000001
71,-4.1299999999999999,1,20.811299999999999,20.520299999999999
72,-4.5800000000000001,1,20.821000000000002,20.674299999999999
73,-4.7599999999999998,1,20.830500000000001,20.710200000000000
74,-5.5199999999999996,1,20.839500000000001,20.860800000000001
75,-5.2900000000000000,1,20.848600000000001,20.794799999999999
76,-4.9800000000000004,1,20.858000000000001,20.853200000000001
77,-5.1100000000000003,1,20.867200000000000,20.867200000000000
78,-4.7300000000000004,1,20.876700000000000,20.939800000000002
79,-4.7000000000000002,1,20.886299999999999,21.016800000000000
80,-5.0099999999999998,1,20.895600000000002,20.917000000000002
81,-4.7400000000000002,1,20.905100000000001,20.878100000000000
82,-5.3300000000000001,1,20.914100000000001,21.080300000000001
83,-4.9900000000000002,1,20.923400000000001,21.072700000000001
84,-4.9400000000000004,1,20.932800000000000,20.785699999999999
85,-5.1100000000000003,1,20.942000000000000,20.649300000000000
86,-5.7300000000000004,1,20.950600000000001,20.649999999999999
87,-6.0199999999999996,1,20.959099999999999,20.558900000000001
88,-6.2100000000000000,1,20.967400000000001,20.622499999999999
89,-6.0199999999999996,1,20.975800000000000,20.840900000000001
90,-5.25,1,20.984800000000000,20.952100000000002
91,-4.4699999999999998,1,20.994499999999999,20.971100000000000
92,-4.6399999999999997,1,21.004000000000001,21.089900000000000
93,-5.2699999999999996,1,21.013000000000002,21.179300000000001
94,-5.2599999999999998,1,21.021999999999998,21.111000000000001
95,-4.9900000000000002,1,21.031199999999998,20.991199999999999
96,-5.6699999999999999,1,21.039899999999999,20.926400000000001
97,-6.1200000000000001,1,21.048200000000001,20.685400000000001
98,-5.5400000000000000,1,21.056899999999999,20.646200000000000
99,-6.0899999999999999,1,21.065200000000001,20.536999999999999
100,-5.9400000000000004,1,21.073599999999999,20.456199999999999
101,-5.7400000000000002,1,21.082200000000000,20.609900000000000
102,-5.2900000000000000,1,21.091100000000001,20.834099999999999
103,-5.0499999999999998,1,21.100200000000001,20.909700000000001
104,-4.6100000000000003,1,21.109700000000000,20.912099999999999
105,-4.7999999999999998,1,21.119000000000000,20.927399999999999
106,-4.6600000000000001,1,21.128399999999999,21.254200000000001
107,-4.4699999999999998,1,21.137899999999998,21.181300000000000
108,-3.4100000000000001,1,21.148299999999999,21.241299999999999
109,-3.6499999999999999,1,21.158500000000000,21.295800000000000
110,-3.8500000000000001,1,21.168500000000002,21.119000000000000
111,-3.8399999999999999,1,21.178500000000000,21.244800000000001
112,-3.5299999999999998,1,21.188700000000001,21.272900000000000
113,-2.4399999999999999,1,21.199800000000000,21.152400000000000
114,-2.2200000000000002,1,21.211099999999998,21.174700000000001
115,-2.5,1,21.222200000000001,21.429400000000001
116,-2.3399999999999999,1,21.233300000000000,21.423999999999999
117,-3.0499999999999998,1,21.243900000000000,21.446000000000002
118,-2.5400000000000000,1,21.254899999999999,21.213000000000001
119,-3.9199999999999999,1,21.264800000000001,21.193600000000000
120,-4.4299999999999997,1,21.274300000000000,21.347999999999999
121,-4.8099999999999996,1,21.283400000000000,21.381000000000000
122,-4.7400000000000002,1,21.292600000000000,21.519400000000001
123,-4.6100000000000003,1,21.301900000000000,21.370200000000001
124,-4.9600000000000000,1,21.310900000000000,21.460400000000000
125,-4.5700000000000003,1,21.320200000000000,21.097999999999999
126,-4.6200000000000001,1,21.329499999999999,21.068400000000000
127,-4.7800000000000002,1,21.338600000000000,20.899500000000000
128,-5.2599999999999998,1,21.347400000000000,21.164800000000000
129,-5.5199999999999996,1,21.355899999999998,21.190500000000000
130,-5.1799999999999997,1,21.364699999999999,21.224900000000002
131,-5.5899999999999999,1,21.373100000000001,21.240200000000002
132,-5.75,1,21.381499999999999,21.129400000000000
133,-5.9299999999999997,1,21.389600000000002,21.154399999999999
134,-5.9000000000000004,1,21.397800000000000,21.249500000000001
135,-5.9699999999999998,1,21.405899999999999,21.305800000000001
136,-5.5199999999999996,1,21.414400000000001,21.359000000000002
137,-4.9400000000000004,1,21.423400000000001,21.484100000000002
138,-4.9100000000000001,1,21.432300000000001,21.439900000000002
139,-5.1900000000000004,1,21.440999999999999,21.433499999999999
140,-4.9299999999999997,1,21.449999999999999,21.445599999999999
141,-4.9699999999999998,1,21.458800000000000,21.769200000000001
142,-4.6900000000000004,1,21.467900000000000,21.827300000000001
143,-4.7100000000000000,1,21.477000000000000,21.705500000000001
144,-4.2599999999999998,1,21.486499999999999,21.692499999999999
145,-4.7900000000000000,1,21.495500000000000,21.762000000000000
146,-4.0999999999999996,1,21.504999999999999,21.652400000000000
147,-4.0999999999999996,1,21.514500000000002,21.873200000000001
148,-3.6099999999999999,1,21.524500000000000,21.806300000000000
149,-4.0300000000000002,1,21.533999999999999,21.661999999999999
150,-4.3700000000000001,1,21.543299999999999,21.354500000000002
151,-4.5300000000000002,1,21.552499999999998,21.449100000000001
152,-4.5099999999999998,1,21.561699999999998,21.640300000000000
153,-4.2400000000000002,1,21.571000000000002,21.681600000000000
154,-4.3600000000000003,1,21.580300000000001,21.832000000000001
155,-4.3300000000000001,1,21.589600000000001,21.987300000000001
156,-4.0400000000000000,1,21.599100000000000,21.690300000000001
157,-4.7999999999999998,1,21.608000000000001,21.819199999999999
158,-4.2300000000000004,1,21.617400000000000,21.852599999999999
159,-4.4199999999999999,1,21.626600000000000,21.727100000000000
160,-4.6100000000000003,1,21.635600000000000,21.800799999999999
161,-4.4699999999999998,1,21.644700000000000,21.697600000000001
162,-3.9100000000000001,1,21.654299999999999,21.879300000000001
163,-4.2199999999999998,1,21.663599999999999,21.760999999999999
164,-3.9399999999999999,1,21.673100000000002,21.686000000000000
165,-3.2599999999999998,1,21.683199999999999,21.647099999999998
166,-3.2599999999999998,1,21.693300000000001,21.494499999999999
167,-3.5899999999999999,1,21.703099999999999,21.265999999999998
168,-3.9600000000000000,1,21.712499999999999,21.381900000000002
169,-4.5400000000000000,1,21.721599999999999,21.459900000000001
170,-4.5400000000000000,1,21.730599999999999,21.453399999999998
171,-4.7699999999999996,1,21.739400000000000,21.504300000000001
172,-4.2000000000000002,1,21.748699999999999,21.722799999999999
173,-5.0700000000000003,1,21.757200000000001,21.670000000000002
174,-4.8700000000000001,1,21.765899999999998,21.801100000000002
175,-4.8099999999999996,1,21.774699999999999,21.687000000000001
176,-5.2100000000000000,1,21.783100000000001,21.701300000000000
177,-5.7900000000000000,1,21.791100000000000,21.809799999999999
178,-5.5599999999999996,1,21.799199999999999,21.914000000000001
179,-5.3700000000000001,1,21.807500000000001,21.930900000000001
180,-4.7999999999999998,1,21.816299999999998,21.775600000000001
181,-4.7900000000000000,1,21.824999999999999,21.925400000000000
182,-4.3099999999999996,1,21.834099999999999,21.786799999999999
183,-3.8399999999999999,1,21.843599999999999,21.941199999999998
184,-4.2999999999999998,1,21.852699999999999,21.942000000000000
185,-4.6600000000000001,1,21.861499999999999,21.972600000000000
186,-5.1600000000000001,1,21.869900000000001,21.934600000000000
187,-4.9699999999999998,1,21.878499999999999,21.948000000000000
188,-5.5300000000000002,1,21.886600000000001,21.810800000000000
189,-5.4699999999999998,1,21.894700000000000,21.800200000000000
190,-4.7199999999999998,1,21.903400000000001,21.648900000000001
191,-5.2800000000000002,1,21.911700000000000,21.596399999999999
192,-4.6100000000000003,1,21.920500000000001,21.798500000000001
193,-4.9500000000000002,1,21.928999999999998,21.945399999999999
194,-5.3799999999999999,1,21.937200000000001,22.022900000000000
195,-4.8099999999999996,1,21.945799999999998,22.069600000000001
196,-4.6600000000000001,1,21.954499999999999,22.108000000000001
197,-4.8499999999999996,1,21.963100000000001,22.209399999999999
198,-4.4199999999999999,1,21.972000000000001,22.013300000000001
199,-4.1500000000000004,1,21.981200000000001,22.172300000000000
200,-3.6600000000000001,1,21.990700000000000,22.286700000000000
201,-2.9399999999999999,1,22.000699999999998,22.412500000000001
202,-3.2799999999999998,0,21.980599999999999,22.246099999999998
203,-3.4700000000000002,0,21.960300000000000,22.221100000000000
204,-4.0999999999999996,0,21.939499999999999,22.101700000000001
205,-4.4100000000000001,0,21.918500000000002,22.302800000000001
206,-4.9699999999999998,0,21.896999999999998,22.324200000000001
207,-4.5199999999999996,0,21.876000000000001,22.066600000000001
208,-3.5600000000000001,0,21.855699999999999,21.945300000000000
209,-3.7900000000000000,0,21.835200000000000,21.826100000000000
210,-3.1699999999999999,0,21.815300000000001,21.807500000000001
211,-3.2700000000000000,0,21.795300000000001,21.799600000000002
212,-3.3799999999999999,0,21.775200000000002,21.719000000000001
213,-3.5099999999999998,0,21.754999999999999,21.581000000000000
214,-3.6800000000000002,0,21.734700000000000,21.539200000000001
215,-4.2800000000000002,0,21.713999999999999,21.474599999999999
216,-4.5499999999999998,0,21.693000000000001,21.534099999999999
217,-5.0499999999999998,0,21.671700000000001,21.682700000000001
218,-5.0599999999999996,0,21.650400000000001,21.663300000000000
219,-5.4800000000000004,0,21.628699999999998,21.590499999999999
220,-5.3200000000000003,0,21.607199999999999,21.279499999999999
221,-4.7699999999999996,0,21.586200000000002,21.437200000000001
222,-5.2300000000000004,0,21.564800000000002,21.666200000000000
223,-5.2199999999999998,0,21.543500000000002,21.626700000000000
224,-4.1699999999999999,0,21.523000000000000,21.506499999999999
225,-3.9100000000000001,0,21.502700000000001,21.438800000000001
226,-3.9500000000000002,0,21.482399999999998,21.357900000000001
227,-3.8999999999999999,0,21.462100000000000,21.380700000000001
228,-4.3300000000000001,0,21.441600000000001,21.281600000000001
229,-4.6600000000000001,0,21.420700000000000,21.093299999999999
230,-5.2400000000000002,0,21.399500000000000,21.363299999999999
231,-4.9100000000000001,0,21.378499999999999,21.634399999999999
232,-4.6900000000000004,0,21.357700000000001,21.707999999999998
233,-4.9800000000000004,0,21.336700000000000,21.628900000000002
234,-5.5599999999999996,0,21.315200000000001,21.536300000000001
235,-5.3899999999999997,0,21.293900000000001,21.487800000000000
236,-5.6100000000000003,0,21.272500000000001,21.342199999999998
237,-5.25,0,21.251300000000001,21.471900000000002
238,-5.0899999999999999,0,21.230300000000000,21.704499999999999
239,-5.1299999999999999,0,21.209299999999999,21.591200000000001
240,-5.2699999999999996,0,21.188199999999998,21.311599999999999
241,-5.2199999999999998,0,21.167100000000001,21.217400000000001
242,-5.3700000000000001,0,21.145900000000001,21.172699999999999
243,-5.2599999999999998,0,21.124900000000000,21.099200000000000
244,-4.6200000000000001,0,21.104299999999999,20.994599999999998
245,-5.2999999999999998,0,21.083300000000001,20.847500000000000
246,-4.1399999999999997,0,21.063199999999998,21.098199999999999
247,-4.1600000000000001,0,21.042999999999999,21.053599999999999
248,-4.4699999999999998,0,21.022700000000000,20.904100000000000
249,-3.6800000000000002,0,21.003000000000000,21.004999999999999
250,-3.3500000000000001,0,20.983599999999999,21.051500000000001
251,-3.7599999999999998,0,20.963799999999999,20.899400000000000
252,-4.3300000000000001,0,20.943600000000000,20.963200000000001
253,-4.0499999999999998,0,20.923700000000000,20.669100000000000
254,-3.6499999999999999,0,20.904100000000000,20.676300000000001
255,-3.9500000000000002,0,20.884300000000000,20.852399999999999
256,-4.2599999999999998,0,20.864200000000000,20.874199999999998
257,-4.7000000000000002,0,20.843800000000002,20.806600000000000
258,-4.8099999999999996,0,20.823399999999999,20.576100000000000
259,-4.9800000000000004,0,20.802800000000001,20.480899999999998
260,-4.9600000000000000,0,20.782200000000000,20.666399999999999
261,-5.0800000000000001,0,20.761600000000001,20.577900000000000
262,-4.8600000000000003,0,20.741199999999999,20.455400000000001
263,-4.5999999999999996,0,20.721000000000000,20.473099999999999
264,-4.6699999999999999,0,20.700700000000001,20.556899999999999
265,-5.2199999999999998,0,20.680099999999999,20.768000000000001
266,-5.1100000000000003,0,20.659500000000001,20.485199999999999
267,-5.2100000000000000,0,20.638900000000000,20.414999999999999
268,-6.2100000000000000,0,20.617400000000000,20.390200000000000
269,-5.8200000000000003,0,20.596399999999999,20.312300000000000
270,-5.7300000000000004,0,20.575399999999998,20.217900000000000
271,-5.3700000000000001,0,20.554700000000000,20.148399999999999
272,-5.4500000000000002,0,20.533899999999999,20.073899999999998
273,-5.6600000000000001,0,20.513000000000002,20.113299999999999
274,-6.0099999999999998,0,20.491900000000001,20.374199999999998
275,-6.1200000000000001,0,20.470600000000001,20.309999999999999
276,-6.3700000000000001,0,20.449200000000001,20.195000000000000
277,-7.0499999999999998,0,20.427299999999999,20.181400000000000
278,-7.2599999999999998,0,20.405200000000001,20.311900000000001
279,-6.4199999999999999,0,20.383800000000001,20.357500000000002
280,-6.3899999999999997,0,20.362500000000001,20.467300000000002
281,-6.3700000000000001,0,20.341100000000001,20.219899999999999
282,-5.6600000000000001,0,20.320399999999999,20.162600000000001
283,-5.3799999999999999,0,20.299900000000001,20.346699999999998
284,-4.3799999999999999,0,20.280200000000001,20.502600000000001
285,-3.5699999999999998,0,20.261199999999999,20.595900000000000
286,-3.6499999999999999,0,20.242100000000001,20.486499999999999
287,-3.7900000000000000,0,20.222999999999999,20.455300000000001
288,-3.5899999999999999,0,20.204000000000001,20.440999999999999
289,-3.8599999999999999,0,20.184799999999999,20.614200000000000
290,-3.7599999999999998,0,20.165700000000001,20.592099999999999
291,-3.7200000000000002,0,20.146599999999999,20.639700000000001
292,-4.1699999999999999,0,20.127199999999998,20.754999999999999
293,-4.6399999999999997,0,20.107500000000002,20.552700000000002
294,-4.2999999999999998,0,20.088000000000001,20.601800000000001
295,-4.5700000000000003,0,20.068400000000000,20.615900000000000
296,-4.4400000000000004,0,20.048800000000000,20.610700000000001
297,-4.4600000000000000,0,20.029299999999999,20.698599999999999
298,-4.4500000000000002,0,20.009699999999999,20.567900000000002
299,-3.3799999999999999,0,19.991099999999999,20.831900000000001
300,-3.6499999999999999,1,20.002199999999998,20.738600000000002
301,-3.7900000000000000,1,20.013200000000001,20.720300000000002
302,-3.1699999999999999,1,20.024600000000000,20.402200000000001
303,-3.6699999999999999,1,20.035699999999999,20.499700000000001
304,-3.6899999999999999,1,20.046700000000001,20.434699999999999
305,-4.5499999999999998,1,20.057099999999998,20.405400000000000
306,-4.7699999999999996,1,20.067200000000000,20.464400000000001
307,-3.9600000000000000,1,20.077999999999999,20.479600000000001
308,-4.1500000000000004,1,20.088600000000000,20.401800000000001
309,-4.2999999999999998,1,20.099100000000000,20.379100000000001
310,-4.0599999999999996,1,20.109800000000000,20.484200000000001
311,-4.4800000000000004,1,20.120200000000001,20.510700000000000
312,-3.8999999999999999,1,20.131000000000000,20.373400000000000
313,-3.9500000000000002,1,20.141700000000000,20.530799999999999
314,-4.3600000000000003,1,20.152100000000001,20.366199999999999
315,-4.8899999999999997,1,20.162099999999999,20.536700000000000
316,-5.0,1,20.172000000000001,20.443500000000000
317,-5.0999999999999996,1,20.181799999999999,20.499700000000001
318,-4.8300000000000001,1,20.191800000000001,20.706000000000000
319,-4.8399999999999999,1,20.201799999999999,20.580500000000001
320,-5.7100000000000000,1,20.211099999999998,20.531500000000001
321,-5.8499999999999996,1,20.220300000000002,20.575500000000002
322,-5.4100000000000001,1,20.229800000000001,20.461900000000000
323,-5.0700000000000003,1,20.239599999999999,20.717800000000000
324,-5.1100000000000003,1,20.249300000000002,20.915099999999999
325,-5.7100000000000000,1,20.258600000000001,20.918700000000001
326,-5.5999999999999996,1,20.267900000000001,20.833300000000001
327,-5.2599999999999998,1,20.277500000000000,20.749199999999998
328,-4.9600000000000000,1,20.287299999999998,20.417100000000001
329,-4.6900000000000004,1,20.297300000000000,20.494900000000001
330,-4.9500000000000002,1,20.307200000000002,20.425300000000000
331,-4.8799999999999999,1,20.317000000000000,20.421500000000002
332,-4.7100000000000000,1,20.327000000000002,20.392199999999999
333,-5.1699999999999999,1,20.336600000000001,20.330100000000002
334,-5.4900000000000002,1,20.346000000000000,20.331299999999999
335,-6.0899999999999999,1,20.354900000000001,20.187400000000000
336,-5.0999999999999996,1,20.364500000000000,20.259899999999998
337,-5.4600000000000000,1,20.373899999999999,20.329899999999999
338,-5.75,1,20.382999999999999,20.240700000000000
339,-5.2100000000000000,1,20.392600000000002,20.114300000000000
340,-5.0,1,20.402300000000000,20.196300000000001
341,-5.5999999999999996,1,20.411500000000000,20.176800000000000
342,-5.7800000000000002,1,20.420500000000001,20.231600000000000
343,-5.6900000000000004,1,20.429700000000000,20.286999999999999
344,-5.5300000000000002,1,20.438900000000000,20.554900000000000
345,-4.6699999999999999,1,20.448899999999998,20.644100000000002
346,-5.0999999999999996,1,20.458400000000001,20.664600000000000
347,-5.5899999999999999,1,20.467600000000001,20.686299999999999
348,-4.8499999999999996,1,20.477399999999999,20.730499999999999
349,-5.2000000000000002,1,20.486899999999999,20.552199999999999
350,-5.1900000000000004,1,20.496300000000002,20.304300000000001
351,-4.9299999999999997,1,20.506000000000000,20.621400000000001
352,-4.7199999999999998,1,20.515899999999998,20.569800000000001
353,-4.5899999999999999,1,20.525800000000000,20.615600000000001
354,-4.6699999999999999,1,20.535599999999999,20.695599999999999
355,-5.1500000000000004,1,20.545100000000001,20.657599999999999
356,-5.2199999999999998,1,20.554500000000001,20.732099999999999
357,-5.0800000000000001,1,20.564000000000000,20.783600000000000
358,-5.1799999999999997,1,20.573499999999999,20.664999999999999
359,-5.2199999999999998,1,20.582799999999999,20.855300000000000
360,-5.3600000000000003,1,20.592099999999999,20.882200000000001
361,-5.0499999999999998,1,20.601600000000001,21.073699999999999
362,-4.5499999999999998,1,20.611499999999999,21.036100000000001
363,-4.3300000000000001,1,20.621600000000001,20.859800000000000
364,-3.6600000000000001,1,20.632100000000001,20.712499999999999
365,-3.5200000000000000,1,20.642800000000001,20.500100000000000
366,-3.5099999999999998,1,20.653500000000001,20.389500000000002
367,-4.3799999999999999,1,20.663499999999999,20.323399999999999
368,-4.0800000000000001,1,20.673700000000000,20.336400000000001
369,-3.9500000000000002,1,20.684100000000001,20.315799999999999
370,-4.4299999999999997,1,20.693999999999999,20.382400000000001
371,-4.2100000000000000,1,20.704100000000000,20.382500000000000
372,-4.7599999999999998,1,20.713699999999999,20.485700000000001
373,-4.5300000000000002,1,20.723500000000001,20.453099999999999
374,-4.7800000000000002,1,20.733200000000000,20.476199999999999
375,-5.1500000000000004,1,20.742500000000000,20.363499999999998
376,-5.7000000000000002,1,20.751300000000001,20.352799999999998
377,-5.3799999999999999,1,20.760500000000000,20.402400000000000
378,-4.9500000000000002,1,20.769900000000000,20.272400000000001
379,-5.2300000000000004,1,20.779100000000000,20.194299999999998
380,-5.0099999999999998,1,20.788499999999999,20.505299999999998
381,-5.0599999999999996,1,20.797799999999999,20.548100000000002
382,-5.6299999999999999,1,20.806699999999999,20.537600000000001
383,-5.5199999999999996,1,20.815700000000000,20.503000000000000
384,-4.9500000000000002,1,20.825099999999999,20.442000000000000
385,-4.8700000000000001,1,20.834499999999998,20.428599999999999
386,-5.5599999999999996,1,20.843399999999999,20.438600000000001
387,-5.5199999999999996,1,20.852399999999999,20.542500000000000
388,-5.6900000000000004,1,20.861200000000000,20.743500000000001
389,-5.1100000000000003,1,20.870400000000000,21.003399999999999
390,-4.8899999999999997,1,20.879799999999999,21.143599999999999
391,-4.7800000000000002,1,20.889299999999999,21.136199999999999
392,-5.0499999999999998,1,20.898599999999998,21.039200000000001
393,-4.9800000000000004,1,20.907900000000001,20.898399999999999
394,-4.7699999999999996,1,20.917400000000001,20.753699999999998
395,-4.7000000000000002,1,20.926900000000000,20.570799999999998
396,-4.3300000000000001,1,20.936699999999998,20.445699999999999
397,-2.9700000000000002,1,20.947600000000001,20.523800000000001
398,-3.1099999999999999,1,20.958400000000001,20.536799999999999
399,-3.1600000000000001,1,20.969100000000001,20.638999999999999
400,-3.5,1,20.979500000000002,20.606700000000000
401,-3.5800000000000001,1,20.989899999999999,20.604500000000002
402,-3.8100000000000001,1,21.000100000000000,20.545700000000000
403,-3.8199999999999998,1,21.010200000000001,20.600800000000000
404,-4.4100000000000001,1,21.019900000000000,20.753499999999999
405,-4.4400000000000004,1,21.029599999999999,20.765000000000001
406,-4.4500000000000002,1,21.039200000000001,20.738099999999999
407,-4.5899999999999999,1,21.048700000000000,20.830100000000002
408,-4.5099999999999998,1,21.058299999999999,21.043600000000001
409,-5.2699999999999996,1,21.067200000000000,21.106900000000000
410,-5.5,1,21.076000000000001,21.137400000000000
411,-5.2400000000000002,1,21.085000000000001,21.020700000000001
412,-4.9299999999999997,1,21.094200000000001,20.847100000000001
413,-5.1100000000000003,1,21.103200000000001,20.931600000000000
414,-4.2699999999999996,1,21.113000000000000,20.896500000000000
415,-4.1699999999999999,1,21.122800000000002,20.861899999999999
416,-4.1100000000000003,1,21.132600000000000,20.957200000000000
417,-4.1799999999999997,1,21.142399999999999,20.810600000000001
418,-4.2000000000000002,1,21.152100000000001,20.927800000000001
419,-4.5099999999999998,1,21.161600000000000,21.137200000000000
420,-4.2400000000000002,1,21.171299999999999,21.146599999999999
421,-4.6699999999999999,1,21.180599999999998,21.238800000000001
422,-4.75,1,21.189900000000002,21.381599999999999
423,-5.5300000000000002,1,21.198499999999999,21.456600000000002
424,-4.7599999999999998,1,21.207799999999999,21.482500000000002
425,-4.2999999999999998,1,21.217400000000001,21.733799999999999
426,-4.2599999999999998,1,21.227000000000000,21.429200000000002
427,-4.5599999999999996,1,21.236400000000000,21.383900000000001
428,-4.4800000000000004,1,21.245899999999999,21.479199999999999
429,-4.3600000000000003,1,21.255400000000002,21.361599999999999
430,-4.6200000000000001,1,21.264700000000001,21.517299999999999
431,-5.2800000000000002,1,21.273499999999999,21.488099999999999
432,-5.4600000000000000,1,21.282100000000000,21.386900000000001
433,-5.0199999999999996,1,21.291100000000000,21.256900000000002
434,-5.4500000000000002,1,21.299800000000001,21.287900000000000
435,-5.3899999999999997,1,21.308399999999999,21.268999999999998
436,-5.0300000000000002,1,21.317399999999999,21.076799999999999
437,-5.4299999999999997,1,21.326000000000001,21.353100000000001
438,-5.2300000000000004,1,21.334800000000001,21.487500000000001
439,-4.8099999999999996,1,21.343900000000001,21.753200000000000
440,-5.4299999999999997,1,21.352499999999999,21.514199999999999
441,-4.9100000000000001,1,21.361499999999999,21.402999999999999
442,-5.0499999999999998,1,21.370400000000000,21.653500000000001
443,-5.1699999999999999,1,21.379200000000001,21.533500000000000
444,-5.0999999999999996,1,21.388000000000002,21.636900000000001
445,-5.3700000000000001,1,21.396599999999999,21.577500000000001
446,-5.1399999999999997,1,21.405400000000000,21.535699999999999
447,-4.3700000000000001,1,21.414800000000000,21.431699999999999
448,-3.9300000000000002,1,21.424499999999998,21.546800000000001
449,-3.7100000000000000,1,21.434500000000000,21.615500000000001
450,-4.1399999999999997,1,21.443999999999999,21.480200000000000
451,-3.8100000000000001,1,21.453800000000001,21.443899999999999
452,-3.8599999999999999,1,21.463600000000000,21.509799999999998
453,-3.5400000000000000,1,21.473600000000001,21.535900000000002
454,-3.5099999999999998,1,21.483599999999999,21.515499999999999
455,-3.7999999999999998,1,21.493400000000001,21.579100000000000
456,-3.7200000000000002,1,21.503299999999999,21.821800000000000
457,-4.1799999999999997,1,21.512699999999999,21.897200000000002
458,-4.2999999999999998,1,21.522099999999998,21.799800000000001
459,-3.8999999999999999,1,21.531800000000000,21.712199999999999
460,-4.2199999999999998,1,21.541200000000000,21.748400000000000
461,-3.7400000000000002,1,21.550999999999998,21.895399999999999
462,-3.9199999999999999,1,21.560600000000001,21.875499999999999
463,-3.9100000000000001,1,21.570300000000000,22.103100000000001
464,-3.2999999999999998,1,21.580400000000001,21.871500000000001
465,-3.4100000000000001,1,21.590399999999999,21.948399999999999
466,-3.0,1,21.600800000000000,21.889199999999999
467,-3.1099999999999999,1,21.611000000000001,21.719100000000001
468,-3.5400000000000000,1,21.620899999999999,21.675200000000000
469,-2.8500000000000001,1,21.631399999999999,21.829699999999999
470,-3.3700000000000001,1,21.641400000000001,21.852200000000000
471,-3.6000000000000001,1,21.651199999999999,21.973700000000001
472,-4.2300000000000004,1,21.660499999999999,21.992599999999999
473,-3.8999999999999999,1,21.670100000000001,22.145099999999999
474,-4.2100000000000000,1,21.679400000000001,22.099599999999999
475,-3.7799999999999998,1,21.689100000000000,22.038100000000000
476,-4.0300000000000002,1,21.698499999999999,21.828800000000001
477,-4.9199999999999999,1,21.707200000000000,21.864400000000000
478,-4.2300000000000004,1,21.716500000000000,21.942399999999999
479,-3.5,1,21.726299999999998,21.625
480,-4.0800000000000001,1,21.735700000000001,21.821300000000001
481,-4.0899999999999999,1,21.745100000000001,21.775500000000001
482,-4.6799999999999997,1,21.754000000000001,21.945000000000000
483,-4.1100000000000003,1,21.763300000000001,22.311900000000001
484,-4.2999999999999998,1,21.772500000000001,22.376700000000000
485,-4.3399999999999999,1,21.781600000000001,22.400600000000001
486,-3.8599999999999999,1,21.791100000000000,22.475500000000000
487,-3.7300000000000000,1,21.800699999999999,22.642099999999999
488,-3.2700000000000000,1,21.810600000000001,22.694800000000001
489,-3.5400000000000000,1,21.820399999999999,22.668600000000001
490,-2.7000000000000002,1,21.830800000000000,22.749199999999998
491,-3.0699999999999998,1,21.840900000000001,22.716300000000000
492,-2.4500000000000002,1,21.851500000000001,22.838699999999999
493,-2.8300000000000001,1,21.861699999999999,22.909500000000001
494,-3.1499999999999999,1,21.871700000000001,23.070100000000000
495,-2.8799999999999999,1,21.882000000000001,22.852699999999999
496,-2.8799999999999999,1,21.892199999999999,22.933100000000000
497,-3.1200000000000001,1,21.902200000000001,23.187400000000000
498,-2.4700000000000002,1,21.912700000000001,23.230000000000000
499,-2.2799999999999998,1,21.923300000000001,23.096800000000002
500,-2.0499999999999998,1,21.934200000000001,23.560400000000001
501,-1.5200000000000000,1,21.945399999999999,23.553500000000000
502,-1.8799999999999999,1,21.956399999999999,23.554500000000001
503,-1.8000000000000000,1,21.967400000000001,23.601299999999998
504,-2.1699999999999999,1,21.978100000000001,23.654900000000001
505,-2.1499999999999999,1,21.988800000000001,23.675699999999999
506,-2.4800000000000000,1,21.999199999999998,23.587499999999999
507,-2.1099999999999999,1,22.010000000000002,23.795000000000002
508,-2.5099999999999998,0,21.990400000000001,24.078600000000002
509,-2.5400000000000000,0,21.970800000000001,24.250399999999999
510,-2.7200000000000002,0,21.951100000000000,24.356900000000000
511,-2.8399999999999999,0,21.931400000000000,24.134799999999998
512,-2.7000000000000002,0,21.911700000000000,23.936100000000000
513,-2.7599999999999998,0,21.892099999999999,24.170999999999999
514,-3.5600000000000001,0,21.871800000000000,24.217400000000001
515,-3.6600000000000001,0,21.851400000000002,24.149799999999999
516,-3.7300000000000000,0,21.831000000000000,24.020700000000001
517,-3.3500000000000001,0,21.810900000000000,24.003699999999998
518,-3.3100000000000001,0,21.790900000000001,24.015699999999999
519,-3.6299999999999999,0,21.770600000000002,23.913300000000000
520,-3.5800000000000001,0,21.750399999999999,23.957400000000000
521,-3.5,0,21.730200000000000,23.763700000000000
522,-3.9300000000000002,0,21.709800000000001,23.877500000000001
523,-3.5400000000000000,0,21.689599999999999,23.968299999999999
524,-3.2400000000000002,0,21.669699999999999,24.113499999999998
525,-2.3500000000000001,0,21.650600000000001,24.124800000000000
526,-2.2799999999999998,0,21.631499999999999,24.046299999999999
527,-2.6200000000000001,0,21.612200000000001,24.079499999999999
528,-3.0200000000000000,0,21.592500000000001,24.129500000000000
529,-3.1400000000000001,0,21.572800000000001,24.217800000000000
530,-3.3500000000000001,0,21.552900000000001,24.393000000000001
531,-3.4300000000000002,0,21.533000000000001,24.189000000000000
532,-2.9199999999999999,0,21.513500000000001,24.320200000000000
533,-2.5,0,21.494299999999999,24.290099999999999
534,-2.2400000000000002,0,21.475400000000000,24.399600000000000
535,-2.6299999999999999,0,21.456199999999999,24.443600000000000
536,-1.9199999999999999,0,21.4375,24.556899999999999
537,-2.5099999999999998,0,21.418399999999998,24.420900000000000
538,-3.0600000000000001,0,21.398900000000001,24.286899999999999
539,-2.5600000000000001,0,21.379799999999999,24.145299999999999
540,-2.7900000000000000,0,21.360499999999998,24.030799999999999
541,-2.8999999999999999,0,21.341200000000001,23.792200000000001
542,-3.3399999999999999,0,21.321500000000000,23.638500000000001
543,-4.0099999999999998,0,21.301300000000001,23.685199999999998
544,-3.7400000000000002,0,21.281300000000002,23.672799999999999
545,-3.9199999999999999,0,21.261199999999999,23.586200000000002
546,-3.6400000000000001,0,21.241299999999999,23.677700000000002
547,-3.1099999999999999,0,21.221900000000002,23.569199999999999
548,-3.3599999999999999,0,21.202300000000001,23.519500000000001
549,-3.1000000000000001,0,21.182900000000000,23.453099999999999
550,-2.5800000000000001,0,21.164000000000001,23.205500000000001
551,-3.3399999999999999,0,21.144400000000001,23.010500000000000
552,-3.2200000000000002,0,21.125,22.948399999999999
553,-2.7200000000000002,0,21.106000000000002,22.742799999999999
554,-2.1299999999999999,0,21.087399999999999,22.627199999999998
555,-2.3399999999999999,0,21.068800000000000,22.508299999999998
556,-2.2599999999999998,0,21.050100000000000,22.440700000000000
557,-2.25,0,21.031600000000001,22.596499999999999
558,-2.25,0,21.013000000000002,22.644600000000001
559,-1.9700000000000000,0,20.994700000000002,22.641600000000000
560,-2.1000000000000001,0,20.976199999999999,22.741399999999999
561,-1.8400000000000001,0,20.957999999999998,22.594700000000000
562,-1.9299999999999999,0,20.939800000000002,22.591699999999999
563,-1.9299999999999999,0,20.921500000000002,22.580900000000000
564,-2.0899999999999999,0,20.903199999999998,22.598600000000001
565,-1.3799999999999999,0,20.885400000000001,22.5625
566,-1.1699999999999999,0,20.867799999999999,22.547499999999999
567,-1.9800000000000000,0,20.849599999999999,22.542000000000002
568,-1.9299999999999999,0,20.831399999999999,22.386700000000001
569,-1.7400000000000000,0,20.813400000000001,22.182300000000001
570,-1.3899999999999999,0,20.795700000000000,21.997599999999998
571,-1.8600000000000001,0,20.777600000000000,22.107199999999999
572,-2.0499999999999998,0,20.759399999999999,22.192599999999999
573,-2.6600000000000001,0,20.740800000000000,21.898900000000001
574,-2.1099999999999999,0,20.722500000000000,21.868600000000001
575,-1.9800000000000000,0,20.704400000000000,21.832100000000001
576,-2.25,0,20.686100000000000,21.577999999999999
577,-1.8899999999999999,0,20.668099999999999,21.577000000000002
578,-2.2400000000000002,0,20.649799999999999,21.212499999999999
579,-1.6100000000000001,0,20.632100000000001,21.196899999999999
580,-1.4700000000000000,0,20.614500000000000,21.103500000000000
581,-1.9500000000000000,0,20.596499999999999,21.094700000000000
582,-2.2200000000000002,0,20.578299999999999,21.303500000000000
583,-2.4500000000000002,0,20.559899999999999,21.256300000000000
584,-1.8899999999999999,0,20.542000000000002,21.190799999999999
585,-2.0899999999999999,0,20.523900000000001,21.415099999999999
586,-1.6899999999999999,0,20.506200000000000,21.203099999999999
587,-1.3999999999999999,0,20.488800000000001,21.106900000000000
588,-0.81999999999999995,0,20.471800000000002,21.122199999999999
589,-0.77000000000000002,0,20.454799999999999,21.082300000000000
590,-0.23999999999999999,0,20.438300000000002,20.865600000000001
591,-0.050000000000000003,0,20.422000000000001,20.580400000000001
592,0.40000000000000002,0,20.405999999999999,20.490100000000002
593,-0.27000000000000002,0,20.389500000000002,20.566600000000001
594,-0.35999999999999999,0,20.373000000000001,20.566800000000001
595,-0.55000000000000004,0,20.356300000000001,20.560400000000001
596,-0.070000000000000007,0,20.340000000000000,20.424900000000001
597,-0.34999999999999998,0,20.323499999999999,20.338999999999999
598,0.040000000000000001,0,20.307300000000001,20.355899999999998
599,0.12,0,20.291200000000000,20.212100000000000
600,-0.79000000000000004,0,20.274400000000000,20.200800000000001
601,-1.3400000000000001,0,20.257100000000001,20.147700000000000
602,-2.1800000000000002,0,20.239300000000000,19.871400000000001
603,-2.1299999999999999,0,20.221399999999999,19.856200000000001
604,-1.5900000000000001,0,20.204000000000001,19.945699999999999
605,-1.4900000000000000,0,20.186699999999998,19.873600000000000
606,-1.3300000000000001,0,20.169499999999999,20.054900000000000
607,-1.2900000000000000,0,20.152400000000000,20.018300000000000
608,-0.54000000000000004,0,20.135899999999999,20.287400000000002
609,-1.1799999999999999,0,20.118900000000000,20.251400000000000
610,-1.6599999999999999,0,20.101600000000001,20.226199999999999
611,-1.5400000000000000,0,20.084299999999999,20.170999999999999
612,-1.9099999999999999,0,20.066700000000001,20.335699999999999
613,-1.7400000000000000,0,20.049399999999999,20.394600000000001
614,-1.5500000000000000,0,20.032100000000000,20.437300000000000
615,-1.7400000000000000,0,20.014800000000001,20.168800000000001
616,-2.0099999999999998,0,19.997199999999999,20.167300000000001
617,-2.0800000000000001,1,20.009499999999999,20.431200000000000
618,-2.2999999999999998,1,20.021699999999999,20.267800000000001
619,-1.5200000000000000,1,20.034500000000001,20.085599999999999
620,-1.8000000000000000,1,20.047000000000001,20.216699999999999
621,-1.9600000000000000,1,20.059400000000000,20.204699999999999
622,-1.9500000000000000,1,20.071800000000000,20.390799999999999
623,-2.0400000000000000,1,20.084099999999999,20.476299999999998
624,-1.4399999999999999,1,20.096900000000002,20.549499999999998
625,-1.3899999999999999,1,20.109700000000000,20.520299999999999
626,-2.2799999999999998,1,20.121800000000000,20.583800000000000
627,-1.2400000000000000,1,20.134799999999998,20.766500000000001
628,-1.0800000000000001,1,20.147800000000000,20.715299999999999
629,-1.4600000000000000,1,20.160499999999999,20.499199999999998
630,-1.2700000000000000,1,20.173400000000001,20.454699999999999
631,-1.3600000000000001,1,20.186199999999999,20.207599999999999
632,-1.8300000000000001,1,20.198499999999999,20.204599999999999
633,-1.1599999999999999,1,20.211500000000001,20.099000000000000
634,-1.5500000000000000,1,20.224100000000000,20.110800000000001
635,-2.0400000000000000,1,20.236300000000000,20.175699999999999
636,-2.2300000000000000,1,20.248300000000000,20.095700000000001
637,-2.2100000000000000,1,20.260400000000001,19.950700000000001
638,-1.9199999999999999,1,20.272600000000001,19.829799999999999
639,-1.1699999999999999,1,20.285499999999999,19.982399999999998
640,-1.1000000000000001,1,20.298400000000001,20.202999999999999
641,-0.90000000000000002,1,20.311399999999999,20.367400000000000
642,-1.0100000000000000,1,20.324400000000001,20.272900000000000
643,-1.6499999999999999,1,20.336800000000000,20.141600000000000
644,-1.3300000000000001,1,20.349499999999999,19.971599999999999
645,-1.3200000000000001,1,20.362100000000002,20.109200000000001
646,-1.1100000000000001,1,20.375,20.038000000000000
647,-1.1499999999999999,1,20.387799999999999,20.165500000000002
648,-1.4500000000000000,1,20.400300000000001,20.129500000000000
649,-0.52000000000000002,1,20.413599999999999,20.397700000000000
650,-0.68000000000000005,1,20.426700000000000,20.347899999999999
651,-0.89000000000000001,1,20.439699999999998,20.352300000000000
652,-0.63,1,20.452800000000000,20.294699999999999
653,-0.29999999999999999,1,20.466200000000001,20.386600000000001
654,-0.41999999999999998,1,20.479500000000002,20.257000000000001
655,-1.0100000000000000,1,20.492300000000000,20.029900000000001
656,-1.5300000000000000,1,20.504700000000000,20.118600000000001
657,-1.7800000000000000,1,20.516900000000000,20.378900000000002
658,-2.0200000000000000,1,20.528900000000000,20.287299999999998
659,-0.95999999999999996,1,20.541699999999999,20.190500000000000
660,-1.2000000000000000,1,20.554300000000001,20.391100000000002
661,-1.5300000000000000,1,20.566600000000001,20.399600000000000
662,-1.9299999999999999,1,20.578700000000001,20.489500000000000
663,-1.2700000000000000,1,20.591200000000001,20.650200000000002
664,-0.78000000000000003,1,20.604099999999999,20.725700000000000
665,-0.68999999999999995,1,20.617100000000001,20.807500000000001
666,-0.56000000000000005,1,20.630099999999999,20.676200000000001
667,-0.12,1,20.643500000000000,20.901900000000001
668,-0.029999999999999999,1,20.657000000000000,20.929500000000001
669,-0.47999999999999998,1,20.670100000000001,20.866000000000000
670,-0.02,1,20.683599999999998,20.645299999999999
671,0.32000000000000001,1,20.697299999999998,20.571999999999999
672,-0.01,1,20.710699999999999,20.469899999999999
673,-0.13,1,20.724100000000000,20.529599999999999
674,0.40000000000000002,1,20.737800000000000,20.842400000000001
675,0.45000000000000001,1,20.751600000000000,20.880700000000001
676,0.85999999999999999,1,20.765699999999999,20.765300000000000
677,0.089999999999999997,1,20.779100000000000,21.044100000000000
678,-0.089999999999999997,1,20.792500000000000,20.981300000000001
679,0.29999999999999999,1,20.806100000000001,20.794799999999999
680,-0.45000000000000001,1,20.819099999999999,21.010400000000001
681,-0.40000000000000002,1,20.832100000000001,21.036200000000001
682,-0.79000000000000004,1,20.844799999999999,21.020800000000001
683,-1.1000000000000001,1,20.857299999999999,20.765999999999998
684,-1.0200000000000000,1,20.869800000000001,20.923300000000001
685,-1.3200000000000001,1,20.882000000000001,20.877600000000001
686,-1.1399999999999999,1,20.894400000000001,20.883299999999998
687,-0.97999999999999998,1,20.906900000000000,20.955200000000001
688,-1.3200000000000001,1,20.919200000000000,21.096699999999998
689,-1.2400000000000000,1,20.931400000000000,21.069500000000001
690,-1.0400000000000000,1,20.943899999999999,20.865600000000001
691,-0.48999999999999999,1,20.956700000000001,21.034500000000001
692,-0.089999999999999997,1,20.969899999999999,21.147800000000000
693,-0.38,1,20.982800000000001,21.211200000000002
694,-0.46999999999999997,1,20.995699999999999,21.031700000000001
695,-1.0100000000000000,1,21.008099999999999,21.028099999999998
696,0.27000000000000002,1,21.021500000000000,20.901399999999999
697,0.14000000000000001,1,21.034800000000001,20.978899999999999
698,-0.35999999999999999,1,21.047699999999999,20.720900000000000
699,0.02,1,21.060900000000000,20.730000000000000
700,0.23000000000000001,1,21.074200000000001,20.797699999999999
701,-0.20000000000000001,1,21.087199999999999,21.010200000000001
702,0.22,1,21.100500000000000,21.033799999999999
703,0.23000000000000001,1,21.113800000000001,21.072800000000001
704,0.81999999999999995,1,21.127600000000001,21.125800000000002
705,0.73999999999999999,1,21.141300000000001,21.175599999999999
706,1.1299999999999999,1,21.155300000000000,21.136900000000001
707,0.59999999999999998,1,21.168900000000001,21.146000000000001
708,0.77000000000000002,1,21.182500000000001,21.272200000000002
709,0.77000000000000002,1,21.196200000000001,21.247299999999999
710,0.68000000000000005,1,21.209800000000001,21.380099999999999
711,0.68000000000000005,1,21.223400000000002,21.656099999999999
712,0.91000000000000003,1,21.237100000000002,21.813199999999998
713,0.47999999999999998,1,21.250499999999999,21.751899999999999
714,-0.12,1,21.263500000000001,21.640799999999999
715,0.13,1,21.276599999999998,21.764299999999999
716,0.52000000000000002,1,21.289999999999999,21.670600000000000
717,0.0,1,21.302900000000001,21.674199999999999
718,0.37,1,21.316199999999998,21.645800000000001
719,0.63,1,21.329599999999999,21.856800000000000
720,1.3700000000000001,1,21.343699999999998,21.889199999999999
721,1.3300000000000001,1,21.357700000000001,22.028500000000001
722,1.6299999999999999,1,21.371900000000000,22.275700000000001
723,1.3400000000000001,1,21.385899999999999,22.266400000000001
724,1.4299999999999999,1,21.399899999999999,21.989400000000000
725,1.25,1,21.413799999999998,21.786600000000000
726,1.7800000000000000,1,21.428100000000001,21.794799999999999
727,2.1800000000000002,1,21.442699999999999,21.804099999999998
728,2.4100000000000001,1,21.457500000000000,21.814800000000002
729,2.25,1,21.472100000000001,21.898800000000001
730,2.5600000000000001,1,21.486999999999998,22.023700000000002
731,1.1599999999999999,1,21.500699999999998,22.199100000000001
732,0.56999999999999995,1,21.513999999999999,22.171399999999998
733,0.31,1,21.527000000000001,22.012499999999999
734,1.1000000000000001,1,21.540700000000001,21.997199999999999
735,0.58999999999999997,1,21.553999999999998,21.842900000000000
736,1.6899999999999999,1,21.568100000000001,21.623899999999999
737,2.2799999999999998,1,21.582599999999999,21.431200000000000
738,2.5200000000000000,1,21.597400000000000,21.432500000000001
739,2.9100000000000001,1,21.612400000000001,21.323699999999999
740,2.0600000000000001,1,21.626799999999999,21.115900000000000
741,1.4900000000000000,1,21.640699999999999,21.217900000000000
742,0.83999999999999997,1,21.654100000000000,21.321600000000000
743,0.12,1,21.666799999999999,21.526100000000000
744,0.059999999999999998,1,21.679600000000001,21.524400000000000
745,0.79000000000000004,1,21.692900000000002,21.631699999999999
746,1.2900000000000000,1,21.706499999999998,21.684000000000001
747,0.26000000000000001,1,21.719400000000000,21.794899999999998
748,-0.59999999999999998,1,21.731600000000000,21.739400000000000
749,-0.71999999999999997,1,21.743600000000001,21.686499999999999
750,-1.0600000000000001,1,21.755400000000002,21.803599999999999
751,-1.1000000000000001,1,21.767099999999999,21.879999999999999
752,-1.4099999999999999,1,21.778600000000001,21.823300000000000
753,-1.3300000000000001,1,21.790099999999999,21.649699999999999
754,-1.1299999999999999,1,21.801800000000000,21.727900000000002
755,-0.80000000000000004,1,21.813700000000001,21.945399999999999
756,0.080000000000000002,1,21.826300000000000,22.036500000000000
757,0.02,1,21.838899999999999,22.101900000000001
758,-0.40000000000000002,1,21.851099999999999,21.890100000000000
759,-1.0100000000000000,1,21.862800000000000,22.037500000000001
760,-0.33000000000000002,1,21.875100000000000,21.985700000000001
761,0.40000000000000002,1,21.887899999999998,22.093800000000002
762,-0.01,1,21.900400000000001,22.132400000000001
763,-0.17999999999999999,1,21.912700000000001,22.017900000000001
764,-0.34000000000000002,1,21.925000000000001,21.952900000000000
765,0.14999999999999999,1,21.9375,22.162299999999998
766,0.11,1,21.950099999999999,22.131499999999999
767,0.54000000000000004,1,21.963000000000001,21.993900000000000
768,1.1100000000000001,1,21.976299999999998,22.178000000000001
769,1.3500000000000001,1,21.989799999999999,22.062200000000001
770,1.5500000000000000,1,22.003499999999999,21.952600000000000
771,1.5700000000000001,0,21.987200000000001,21.973600000000001
772,0.97999999999999998,0,21.970400000000001,21.823699999999999
773,0.75,0,21.953499999999998,21.949900000000000
774,0.14000000000000001,0,21.936100000000000,21.990100000000002
775,0.13,0,21.918700000000001,21.918700000000001
776,1.0500000000000000,0,21.902100000000001,21.754500000000000
777,1.3500000000000001,0,21.885700000000000,21.897200000000002
778,1.1799999999999999,0,21.869100000000000,21.948799999999999
779,0.96999999999999997,0,21.852499999999999,21.843000000000000
780,0.78000000000000003,0,21.835699999999999,21.770399999999999
781,1.1699999999999999,0,21.819199999999999,21.719500000000000
782,0.92000000000000004,0,21.802499999999998,21.861999999999998
783,0.28000000000000003,0,21.785399999999999,21.844300000000000
784,1.1000000000000001,0,21.768899999999999,21.875800000000002
785,1.3899999999999999,0,21.752600000000001,21.854099999999999
786,1.2300000000000000,0,21.736200000000000,21.767199999999999
787,0.85999999999999999,0,21.719600000000000,21.890499999999999
788,0.35999999999999999,0,21.702500000000001,21.702200000000001
789,0.82999999999999996,0,21.685900000000000,21.689399999999999
790,1.2600000000000000,0,21.669599999999999,21.621099999999998
791,1.7800000000000000,0,21.653700000000001,21.759699999999999
792,1.2600000000000000,0,21.637499999999999,21.704499999999999
793,1.4199999999999999,0,21.621300000000002,21.611599999999999
794,1.7600000000000000,0,21.605499999999999,21.676500000000001
795,1.3200000000000001,0,21.589300000000001,21.855300000000000
796,1.3300000000000001,0,21.573200000000000,21.801300000000001
797,0.84999999999999998,0,21.556600000000000,21.867599999999999
798,0.98999999999999999,0,21.540199999999999,21.749900000000000
799,1.2200000000000000,0,21.524000000000001,21.792100000000001
800,1.0100000000000000,0,21.507700000000000,21.867899999999999
801,1.2100000000000000,0,21.491499999999998,21.755900000000000
802,1.4500000000000000,0,21.475500000000000,21.565100000000001
803,0.78000000000000003,0,21.459000000000000,21.655600000000000
804,1.6499999999999999,0,21.443200000000001,21.514399999999998
805,1.5,0,21.427299999999999,21.381100000000000
806,1.25,0,21.411200000000001,21.363800000000001
807,1.7600000000000000,0,21.395499999999998,21.215499999999999
808,1.2600000000000000,0,21.379400000000000,21.223299999999998
809,1.4700000000000000,0,21.363600000000002,21.071300000000001
810,1.2300000000000000,0,21.347500000000000,21.078800000000001
811,1.5300000000000000,0,21.331700000000001,21.286400000000000
812,1.4099999999999999,0,21.315799999999999,21.294000000000000
813,1.4299999999999999,0,21.300000000000001,21.350100000000001
814,1.1100000000000001,0,21.283899999999999,21.460599999999999
815,1.4600000000000000,0,21.268000000000001,21.437799999999999
816,2.1099999999999999,0,21.252800000000001,21.379100000000001
817,1.3799999999999999,0,21.236899999999999,21.245000000000001
818,1.3400000000000001,0,21.221000000000000,21.230200000000000
819,1.8999999999999999,0,21.205600000000000,20.973199999999999
820,1.4900000000000000,0,21.189900000000002,20.964900000000000
821,2.2200000000000002,0,21.174800000000001,20.757800000000000
822,1.8700000000000001,0,21.159400000000002,21.012200000000000
823,1.6399999999999999,0,21.143799999999999,21.091799999999999
824,1.3500000000000001,0,21.128000000000000,21.020900000000001
825,1.2900000000000000,0,21.112200000000001,21.169100000000000
826,0.83999999999999997,0,21.096000000000000,21.151399999999999
827,0.22,0,21.079400000000000,21.117799999999999
828,0.89000000000000001,0,21.063300000000002,21.050200000000000
829,0.56999999999999995,0,21.046900000000001,21.246800000000000
830,1.3300000000000001,0,21.031199999999998,21.237700000000000
831,1.7000000000000000,0,21.015799999999999,21.449999999999999
832,1.5700000000000001,0,21.000299999999999,21.259200000000000
833,1.4500000000000000,0,20.984700000000000,21.154199999999999
834,1.25,0,20.968900000000001,21.025099999999998
835,1.4700000000000000,0,20.953399999999998,20.880099999999999
836,1.3200000000000001,0,20.937700000000000,20.967500000000001
837,1.9299999999999999,0,20.922599999999999,20.920000000000002
838,2.1499999999999999,0,20.907599999999999,20.664800000000000
839,2.2900000000000000,0,20.892700000000001,20.646200000000000
840,1.6399999999999999,0,20.877400000000002,20.675999999999998
841,1.4299999999999999,0,20.861899999999999,20.686199999999999
842,1.6100000000000001,0,20.846499999999999,20.713799999999999
843,2.0,0,20.831499999999998,20.719600000000000
844,1.8100000000000001,0,20.816299999999998,20.732299999999999
845,1.9600000000000000,0,20.801300000000001,20.651199999999999
846,1.4600000000000000,0,20.785900000000002,20.719999999999999
847,1.0600000000000001,0,20.770099999999999,20.705500000000001
848,0.81000000000000005,0,20.754200000000001,20.639199999999999
849,1.4099999999999999,0,20.738800000000001,20.749099999999999
850,1.25,0,20.723199999999999,21.061699999999998
851,0.96999999999999997,0,20.707500000000000,21.051400000000001
852,1.0300000000000000,0,20.691800000000001,20.795500000000001
853,1.0500000000000000,0,20.676100000000002,20.785900000000002
854,1.2300000000000000,0,20.660599999999999,20.837399999999999
855,0.87,0,20.644800000000000,20.693899999999999
856,0.77000000000000002,0,20.629000000000001,20.878399999999999
857,0.95999999999999996,0,20.613299999999999,20.867999999999999
858,0.85999999999999999,0,20.597500000000000,20.943000000000001
859,0.28000000000000003,0,20.581299999999999,20.712599999999998
860,0.47999999999999998,0,20.565300000000001,20.686699999999998
861,1.3000000000000000,0,20.549900000000001,20.711099999999998
862,1.9199999999999999,0,20.535100000000000,20.569400000000002
863,2.5899999999999999,0,20.520700000000001,20.580200000000001
864,3.0200000000000000,0,20.506799999999998,20.587700000000002
865,3.4800000000000000,0,20.493200000000002,20.624199999999998
866,3.6099999999999999,0,20.479700000000001,20.596000000000000
867,3.0899999999999999,0,20.465900000000001,20.531700000000001
868,3.5,0,20.452300000000001,20.344000000000001
869,2.9800000000000000,0,20.438400000000001,20.063900000000000
870,2.7400000000000002,0,20.424299999999999,20.231800000000000
871,3.2400000000000002,0,20.410599999999999,20.344999999999999
872,2.6400000000000001,0,20.396400000000000,20.249199999999998
873,2.6899999999999999,0,20.382300000000001,20.352300000000000
874,2.2999999999999998,0,20.367899999999999,20.347600000000000
875,2.2400000000000002,0,20.353400000000001,20.473400000000002
876,1.75,0,20.338600000000000,20.463600000000000
877,2.1099999999999999,0,20.324000000000002,20.400099999999998
878,2.3300000000000001,0,20.309699999999999,20.099499999999999
879,2.0499999999999998,0,20.295100000000001,20.018400000000000
880,2.0099999999999998,0,20.280500000000000,20.135600000000000
881,1.75,0,20.265699999999999,19.973500000000001
882,2.4500000000000002,0,20.251500000000000,19.897600000000001
883,3.0200000000000000,0,20.237800000000000,19.861300000000000
884,2.8700000000000001,0,20.223900000000000,20.039200000000001
885,2.3399999999999999,0,20.209700000000002,19.998500000000000
886,1.5800000000000001,0,20.194800000000001,20.300899999999999
887,1.6100000000000001,0,20.180000000000000,20.367500000000000
888,2.5400000000000000,0,20.165900000000001,20.161999999999999
889,3.4500000000000002,0,20.152600000000000,20.207799999999999
890,3.2200000000000002,0,20.139099999999999,20.261399999999998
891,3.6499999999999999,0,20.125900000000001,20.188900000000000
892,3.2000000000000002,0,20.112400000000001,20.101700000000001
893,3.7799999999999998,0,20.099399999999999,20.246900000000000
894,3.2900000000000000,0,20.085999999999999,20.460599999999999
895,3.1699999999999999,0,20.072500000000002,20.553899999999999
896,3.8900000000000001,0,20.059600000000000,20.352100000000000
897,4.0300000000000002,0,20.046800000000001,20.288300000000000
898,3.75,0,20.033799999999999,20.181799999999999
899,3.2900000000000000,0,20.020499999999998,20.220700000000001
900,2.9600000000000000,0,20.006900000000002,20.224299999999999
901,1.9099999999999999,0,19.992400000000000,20.253399999999999
902,1.8100000000000001,1,20.007899999999999,20.145900000000001
903,1.6200000000000001,1,20.023199999999999,20.061299999999999
904,1.5700000000000001,1,20.038399999999999,20.120699999999999
905,1.7200000000000000,1,20.053799999999999,20.266600000000000
906,2.5899999999999999,1,20.069800000000001,20.402500000000000
907,2.3799999999999999,1,20.085599999999999,20.478400000000001
908,3.0699999999999998,1,20.102000000000000,20.576899999999998
909,3.1000000000000001,1,20.118400000000001,20.454699999999999
910,3.3799999999999999,1,20.135000000000002,20.562300000000000
911,4.0199999999999996,1,20.152100000000001,20.364300000000000
912,4.5899999999999999,1,20.169699999999999,20.534900000000000
913,4.2800000000000002,1,20.186900000000001,20.682300000000001
914,3.5200000000000000,1,20.203600000000002,20.481800000000000
915,3.4900000000000002,1,20.220199999999998,20.203900000000001
916,3.7900000000000000,1,20.237100000000002,19.986100000000000
917,4.1399999999999997,1,20.254200000000001,19.927499999999998
918,3.6400000000000001,1,20.270900000000001,20.108000000000001
919,3.6499999999999999,1,20.287600000000001,20.0625
920,3.4399999999999999,1,20.304099999999998,20.115400000000001
921,3.0499999999999998,1,20.320300000000000,20.248300000000000
922,2.5800000000000001,1,20.336099999999998,20.361799999999999
923,3.2000000000000002,1,20.352399999999999,20.236499999999999
924,3.4399999999999999,1,20.368900000000000,20.373300000000000
925,3.1400000000000001,1,20.385100000000001,20.437400000000000
926,2.8199999999999998,1,20.401000000000000,20.314100000000000
927,2.9300000000000002,1,20.417100000000001,20.195900000000002
928,3.7599999999999998,1,20.433700000000002,20.208100000000002
929,3.9100000000000001,1,20.450500000000002,20.231700000000000
930,3.9300000000000002,1,20.467300000000002,20.260700000000000
931,3.8199999999999998,1,20.484000000000002,20.329599999999999
932,3.5299999999999998,1,20.500399999999999,20.290800000000001
933,3.7900000000000000,1,20.516999999999999,20.444099999999999
934,3.6099999999999999,1,20.533500000000000,20.329699999999999
935,2.5200000000000000,1,20.549099999999999,20.361499999999999
936,2.3599999999999999,1,20.564499999999999,20.114799999999999
937,2.1099999999999999,1,20.579799999999999,20.199500000000000
938,2.2799999999999998,1,20.595099999999999,20.272099999999998
939,1.9099999999999999,1,20.610199999999999,20.575399999999998
940,2.0899999999999999,1,20.625399999999999,20.520099999999999
941,1.8899999999999999,1,20.640400000000000,20.332999999999998
942,1.9600000000000000,1,20.655400000000000,20.241000000000000
943,2.0,1,20.670500000000001,20.274899999999999
944,2.0200000000000000,1,20.685600000000001,20.278800000000000
945,2.4700000000000002,1,20.701000000000001,20.402300000000000
946,2.3799999999999999,1,20.716400000000000,20.435700000000001
947,2.1299999999999999,1,20.731500000000000,20.492599999999999
948,1.7100000000000000,1,20.746300000000002,20.398399999999999
949,1.7200000000000000,1,20.761099999999999,20.422400000000000
950,1.6299999999999999,1,20.775800000000000,20.596900000000002
951,1.7700000000000000,1,20.790600000000001,20.595400000000001
952,1.2200000000000000,1,20.804900000000000,20.559799999999999
953,1.3100000000000001,1,20.819299999999998,20.393500000000000
954,1.7200000000000000,1,20.834000000000000,20.563300000000002
955,2.0899999999999999,1,20.849000000000000,20.569199999999999
956,2.3500000000000001,1,20.864200000000000,20.452600000000000
957,1.5600000000000001,1,20.878799999999998,20.692399999999999
958,1.7600000000000000,1,20.893500000000000,20.713100000000001
959,1.7700000000000000,1,20.908200000000001,20.599000000000000
960,1.7700000000000000,1,20.922899999999998,20.783700000000000
961,1.1899999999999999,1,20.937100000000001,20.791499999999999
962,0.91000000000000003,1,20.951100000000000,20.718100000000000
963,0.5,1,20.964700000000001,20.738499999999998
964,0.85999999999999999,1,20.978700000000000,20.797000000000001
965,0.98999999999999999,1,20.992699999999999,20.845400000000001
966,0.23999999999999999,1,21.006100000000000,20.922999999999998
967,0.26000000000000001,1,21.019500000000001,21.007000000000001
968,0.68000000000000005,1,21.033200000000001,21.141500000000001
969,1.3700000000000001,1,21.047499999999999,21.146200000000000
970,1.7200000000000000,1,21.062000000000001,21.268699999999999
971,1.3999999999999999,1,21.076300000000000,21.166399999999999
972,0.42999999999999999,1,21.089800000000000,21.100000000000001
973,0.059999999999999998,1,21.103000000000002,21.018899999999999
974,0.28999999999999998,1,21.116299999999999,21.124800000000000
975,0.33000000000000002,1,21.129700000000000,21.027400000000000
976,0.27000000000000002,1,21.143000000000001,21.059999999999999
977,0.54000000000000004,1,21.156500000000001,21.123799999999999
978,0.71999999999999997,1,21.170200000000001,21.045999999999999
979,0.58999999999999997,1,21.183700000000002,21.112800000000000
980,0.87,1,21.197500000000002,20.988299999999999
981,1.1000000000000001,1,21.211400000000001,20.988199999999999
982,1.1899999999999999,1,21.225400000000000,21.312300000000000
983,1.3799999999999999,1,21.239500000000000,21.248100000000001
984,1.4199999999999999,1,21.253699999999998,21.036500000000000
985,1.3400000000000001,1,21.267800000000001,20.967400000000001
986,1.2900000000000000,1,21.281800000000000,20.962299999999999
987,1.4800000000000000,1,21.295999999999999,21.093299999999999
988,1.3300000000000001,1,21.309999999999999,21.381399999999999
989,2.0800000000000001,1,21.324600000000000,21.302600000000002
990,2.8399999999999999,1,21.339800000000000,21.121500000000001
991,2.1000000000000001,1,21.354399999999998,21.198699999999999
992,1.4099999999999999,1,21.368500000000001,21.300699999999999
993,1.9700000000000000,1,21.382999999999999,21.594600000000000
994,2.3599999999999999,1,21.397700000000000,21.531700000000001
995,2.5099999999999998,1,21.412600000000001,21.482800000000001
996,2.2400000000000002,1,21.427299999999999,21.676200000000001
997,2.6899999999999999,1,21.442299999999999,21.690200000000001
998,2.5800000000000001,1,21.457200000000000,21.568899999999999
999,2.4399999999999999,1,21.472000000000001,21.530700000000000
1000,2.5,1,21.486799999999999,21.597700000000000
1001,2.25,1,21.501500000000000,21.449800000000000
1002,1.8300000000000001,1,21.515699999999999,21.521400000000000
1003,1.2300000000000000,1,21.529499999999999,21.549099999999999
1004,1.8100000000000001,1,21.543700000000001,21.510000000000002
1005,2.2599999999999998,1,21.558299999999999,21.506900000000002
1006,1.8000000000000000,1,21.572500000000002,21.513000000000002
1007,1.5700000000000001,1,21.586500000000001,21.603899999999999
1008,1.6799999999999999,1,21.600600000000000,21.689800000000002
1009,1.6100000000000001,1,21.614599999999999,21.806699999999999
1010,1.6699999999999999,1,21.628599999999999,21.678100000000001
1011,1.2200000000000000,1,21.642299999999999,21.653900000000000
1012,1.5900000000000001,1,21.656300000000002,21.663799999999998
1013,1.2200000000000000,1,21.669899999999998,21.605300000000000
1014,1.3300000000000001,1,21.683700000000002,21.471499999999999
1015,1.2200000000000000,1,21.697299999999998,21.281500000000001
1016,1.7400000000000000,1,21.711300000000001,21.031700000000001
1017,1.0500000000000000,1,21.724799999999998,21.295800000000000
1018,0.62,1,21.737900000000000,21.246800000000000
1019,1.3200000000000001,1,21.751600000000000,21.394100000000002
1020,1.7300000000000000,1,21.765599999999999,21.621400000000001
1021,1.3899999999999999,1,21.779299999999999,21.657399999999999
1022,1.5500000000000000,1,21.793099999999999,21.794100000000000
1023,1.6699999999999999,1,21.806999999999999,21.729600000000001
1024,1.7000000000000000,1,21.821000000000002,21.707000000000001
1025,2.3199999999999998,1,21.835400000000000,21.736499999999999
1026,2.5099999999999998,1,21.849900000000002,21.664800000000000
1027,2.3399999999999999,1,21.864300000000000,21.609700000000000
1028,2.8100000000000001,1,21.879100000000001,21.545300000000001
1029,2.4700000000000002,1,21.893500000000000,21.640599999999999
1030,2.1800000000000002,1,21.907800000000002,21.872299999999999
1031,2.1000000000000001,1,21.921900000000001,21.976099999999999
1032,2.2200000000000002,1,21.936199999999999,21.837900000000001
1033,1.9199999999999999,1,21.950199999999999,21.768599999999999
1034,2.4300000000000002,1,21.964600000000001,21.733599999999999
1035,2.5299999999999998,1,21.978999999999999,21.654100000000000
1036,2.8900000000000001,1,21.993700000000000,21.877900000000000
1037,2.9100000000000001,1,22.008500000000002,22.012799999999999
1038,2.6000000000000001,0,21.992999999999999,21.894100000000002
1039,2.3199999999999998,0,21.977300000000000,22.149799999999999
1040,2.0699999999999998,0,21.961400000000001,22.143100000000000
1041,3.2300000000000000,0,21.946500000000000,21.957400000000000
1042,2.6899999999999999,0,21.931100000000001,21.979099999999999
1043,2.7900000000000000,0,21.915900000000001,21.843900000000001
1044,2.6800000000000002,0,21.900500000000001,21.985199999999999
1045,2.7400000000000002,0,21.885200000000001,21.949400000000001
1046,2.4100000000000001,0,21.869700000000002,21.890100000000000
1047,1.6899999999999999,0,21.853600000000000,21.861100000000000
1048,1.3899999999999999,0,21.837299999999999,21.893599999999999
1049,0.89000000000000001,0,21.820599999999999,21.929300000000001
1050,0.42999999999999999,0,21.803500000000000,21.906199999999998
1051,1.2700000000000000,0,21.787099999999999,22.063600000000001
1052,1.5400000000000000,0,21.771000000000001,22.096699999999998
1053,1.2400000000000000,0,21.754600000000000,22.038699999999999
1054,0.94999999999999996,0,21.738000000000000,22.022700000000000
1055,0.57999999999999996,0,21.721100000000000,21.982500000000002
1056,-0.34999999999999998,0,21.703499999999998,22.079400000000000
1057,-0.66000000000000003,0,21.685700000000001,22.041899999999998
1058,-0.91000000000000003,0,21.667700000000000,21.978200000000001
1059,-0.55000000000000004,0,21.649999999999999,21.987500000000001
1060,-0.059999999999999998,0,21.632700000000000,21.810600000000001
1061,-0.38,0,21.615100000000002,21.820900000000002
1062,0.040000000000000001,0,21.597899999999999,21.840900000000001
1063,0.050000000000000003,0,21.580700000000000,22.038699999999999
1064,0.52000000000000002,0,21.563900000000000,21.922000000000001
1065,1.3000000000000000,0,21.547699999999999,21.978899999999999
1066,1.4299999999999999,0,21.531700000000001,21.771100000000001
1067,1.8000000000000000,0,21.515999999999998,21.966699999999999
1068,1.6200000000000001,0,21.500100000000000,22.103400000000001
1069,1.3200000000000001,0,21.484000000000002,22.040199999999999
1070,0.59999999999999998,0,21.467400000000001,22.160299999999999
1071,0.84999999999999998,0,21.450900000000001,21.985900000000001
1072,1.0900000000000001,0,21.434699999999999,21.861499999999999
1073,0.59999999999999998,0,21.417999999999999,21.734600000000000
1074,0.70999999999999996,0,21.401499999999999,21.596499999999999
1075,0.54000000000000004,0,21.384899999999998,21.654499999999999
1076,0.47999999999999998,0,21.368200000000002,21.556600000000000
1077,1.2100000000000000,0,21.352100000000000,21.542899999999999
1078,1.4099999999999999,0,21.336200000000002,21.511700000000001
1079,0.85999999999999999,0,21.319900000000001,21.506499999999999
1080,0.5,0,21.303300000000000,21.507899999999999
1081,0.68000000000000005,0,21.286899999999999,21.319500000000001
1082,0.77000000000000002,0,21.270499999999998,21.117899999999999
1083,1.3100000000000001,0,21.254600000000000,21.060099999999998
1084,1.4199999999999999,0,21.238800000000001,21.045300000000001
1085,1.3400000000000001,0,21.222899999999999,21.135700000000000
1086,1.5800000000000001,0,21.207200000000000,21.181500000000000
1087,1.4800000000000000,0,21.191500000000001,21.160599999999999
1088,1.3600000000000001,0,21.175699999999999,20.856100000000001
1089,1.8799999999999999,0,21.160299999999999,20.871400000000001
1090,1.9700000000000000,0,21.145000000000000,20.911799999999999
1091,2.5400000000000000,0,21.130099999999999,20.912700000000001
1092,1.7600000000000000,0,21.114699999999999,20.748400000000000
1093,1.8100000000000001,0,21.099299999999999,20.776700000000002
1094,1.5,0,21.083600000000001,20.822099999999999
1095,1.25,0,21.067799999999998,20.784300000000002
1096,1.4500000000000000,0,21.052199999999999,20.861499999999999
1097,1.5100000000000000,0,21.036600000000000,20.631599999999999
1098,1.6899999999999999,0,21.021200000000000,20.614899999999999
1099,1.2200000000000000,0,21.005400000000002,20.604700000000001
1100,1.5600000000000001,0,20.989899999999999,20.515899999999998
1101,1.8999999999999999,0,20.974599999999999,20.568200000000001
1102,2.0,0,20.959499999999998,20.563400000000001
1103,1.6399999999999999,0,20.944099999999999,20.376400000000000
1104,1.2400000000000000,0,20.928400000000000,20.276700000000002
1105,1.1000000000000001,0,20.912500000000001,20.123699999999999
1106,1.1499999999999999,0,20.896799999999999,20.140999999999998
1107,0.69999999999999996,0,20.880700000000001,19.982500000000002
1108,0.67000000000000004,0,20.864599999999999,19.862400000000001
1109,-0.46000000000000002,0,20.847500000000000,20.012100000000000
1110,-0.73999999999999999,0,20.830300000000001,19.826599999999999
1111,-0.13,0,20.813600000000001,19.623300000000000
1112,-0.33000000000000002,0,20.796700000000001,19.436000000000000
1113,-0.31,0,20.779900000000001,19.500100000000000
1114,0.23000000000000001,0,20.763500000000001,19.522900000000000
1115,0.17000000000000001,0,20.747100000000000,19.232900000000001
1116,0.25,0,20.730699999999999,19.078099999999999
1117,-0.050000000000000003,0,20.714200000000002,18.989599999999999
1118,-0.17000000000000001,0,20.697500000000002,19.030500000000000
1119,0.23999999999999999,0,20.681200000000000,19.133800000000001
1120,0.44,0,20.664999999999999,19.048800000000000
1121,-0.23999999999999999,0,20.648399999999999,19.247599999999998
1122,-0.28000000000000003,0,20.631699999999999,19.378699999999998
1123,-0.27000000000000002,0,20.614999999999998,19.318700000000000
1124,-0.02,0,20.598600000000001,19.133800000000001
1125,-0.41999999999999998,0,20.581800000000001,19.279399999999999
1126,0.11,0,20.565500000000000,19.271200000000000
1127,0.31,0,20.549299999999999,19.136099999999999
1128,0.23999999999999999,0,20.533100000000001,18.942799999999998
1129,0.19,0,20.516900000000000,18.825299999999999
1130,0.10000000000000001,0,20.500599999999999,18.564900000000002
1131,0.40999999999999998,0,20.484600000000000,18.710300000000000
1132,0.089999999999999997,0,20.468299999999999,18.802000000000000
1133,0.11,0,20.452100000000002,18.852200000000000
1134,-0.14999999999999999,0,20.435600000000001,18.795100000000001
1135,0.23999999999999999,0,20.419499999999999,18.868300000000001
1136,-0.17000000000000001,0,20.403099999999998,18.520700000000001
1137,-0.059999999999999998,0,20.386800000000001,18.309699999999999
1138,0.19,0,20.370699999999999,18.371600000000001
1139,0.62,0,20.354900000000001,18.187200000000001
1140,0.97999999999999998,0,20.339500000000001,17.819700000000001
1141,0.98999999999999999,0,20.324000000000002,17.754700000000000
1142,0.93000000000000005,0,20.308599999999998,17.895700000000001
1143,1.2000000000000000,0,20.293299999999999,17.798300000000001
1144,1.5300000000000000,0,20.278400000000001,17.814900000000002
1145,0.92000000000000004,0,20.262899999999998,17.900600000000001
1146,0.96999999999999997,0,20.247499999999999,17.984200000000001
1147,1.1799999999999999,0,20.232299999999999,18.005099999999999
1148,1.3300000000000001,0,20.217199999999998,17.732900000000001
1149,1.3999999999999999,0,20.202200000000001,17.834199999999999
1150,0.97999999999999998,0,20.186900000000001,17.788799999999998
1151,1.3300000000000001,0,20.171900000000001,17.659600000000001
1152,1.3000000000000000,0,20.156800000000000,17.733699999999999
1153,0.84999999999999998,0,20.141400000000001,17.748699999999999
1154,0.65000000000000002,0,20.125900000000001,17.739500000000000
1155,0.55000000000000004,0,20.110299999999999,17.658899999999999
1156,0.02,0,20.094200000000001,17.697700000000001
1157,0.77000000000000002,0,20.078800000000001,17.632100000000001
1158,0.65000000000000002,0,20.063300000000002,17.643999999999998
1159,0.32000000000000001,0,20.047599999999999,17.230399999999999
1160,0.089999999999999997,0,20.031600000000001,17.207200000000000
1161,0.02,0,20.015699999999999,17.049800000000001
1162,0.34000000000000002,0,20.0,16.812899999999999
1163,-0.029999999999999999,1,20.013999999999999,16.745699999999999
1164,0.91000000000000003,1,20.028700000000001,16.895800000000001
1165,0.53000000000000003,1,20.043099999999999,16.730300000000000
1166,0.38,1,20.057400000000001,17.006900000000002
1167,-0.59999999999999998,1,20.070799999999998,17.097000000000001
1168,-0.38,1,20.084499999999998,17.118600000000001
1169,-0.37,1,20.098099999999999,17.069400000000002
1170,-0.17000000000000001,1,20.111899999999999,17.233899999999998
1171,0.44,1,20.126200000000001,17.250399999999999
1172,-0.10000000000000001,1,20.140000000000001,17.448300000000000
1173,-1.0500000000000000,1,20.153099999999998,17.217600000000001
1174,-0.32000000000000001,1,20.166699999999999,17.045700000000000
1175,-0.64000000000000001,1,20.180099999999999,16.937400000000000
1176,-0.22,1,20.193700000000000,16.966500000000000
1177,-0.070000000000000007,1,20.207500000000000,17.130099999999999
1178,0.17000000000000001,1,20.221499999999999,17.266300000000001
1179,0.65000000000000002,1,20.235900000000001,17.261199999999999
1180,0.40999999999999998,1,20.25,17.537800000000001
1181,0.23000000000000001,1,20.263999999999999,17.712100000000000
1182,0.33000000000000002,1,20.278099999999998,17.489100000000001
1183,-0.25,1,20.291599999999999,17.554600000000001
1184,-0.42999999999999999,1,20.305099999999999,17.758800000000001
1185,-0.40999999999999998,1,20.318500000000000,17.958100000000002
1186,-0.56000000000000005,1,20.331800000000001,17.925100000000000
1187,-0.28999999999999998,1,20.345300000000002,18.003499999999999
1188,0.070000000000000007,1,20.359100000000002,18.110399999999998
1189,0.050000000000000003,1,20.372800000000002,18.204799999999999
1190,-0.02,1,20.386500000000002,18.354500000000002
1191,-0.16,1,20.400099999999998,18.376899999999999
1192,-0.35999999999999999,1,20.413499999999999,18.294400000000000
1193,-0.40999999999999998,1,20.426900000000000,18.375800000000002
1194,0.040000000000000001,1,20.440600000000000,18.410599999999999
1195,0.40000000000000002,1,20.454499999999999,18.543299999999999
1196,0.28000000000000003,1,20.468399999999999,18.721699999999998
1197,0.54000000000000004,1,20.482500000000002,18.773700000000002
1198,0.34000000000000002,1,20.496300000000002,18.627700000000001
1199,0.17000000000000001,1,20.510100000000001,18.757300000000001
1200,-0.51000000000000001,1,20.523299999999999,18.812300000000000
1201,0.23000000000000001,1,20.537099999999999,18.792700000000000
1202,0.90000000000000002,1,20.551300000000001,18.937100000000001
1203,0.65000000000000002,1,20.565400000000000,19.278199999999998
1204,0.81999999999999995,1,20.579599999999999,19.344799999999999
1205,1.1100000000000001,1,20.594100000000001,19.197199999999999
1206,1.4099999999999999,1,20.608699999999999,19.225800000000000
1207,1.1899999999999999,1,20.623200000000001,19.344500000000000
1208,0.92000000000000004,1,20.637400000000000,19.372699999999998
1209,0.92000000000000004,1,20.651700000000002,19.362500000000001
1210,1.3000000000000000,1,20.666200000000000,19.236400000000000
1211,0.040000000000000001,1,20.679700000000000,19.522300000000001
1212,0.29999999999999999,1,20.693400000000000,19.673500000000001
1213,0.5,1,20.707200000000000,19.451699999999999
1214,0.46999999999999997,1,20.721100000000000,19.173200000000001
1215,0.91000000000000003,1,20.735199999999999,19.199800000000000
1216,0.80000000000000004,1,20.749300000000002,19.114400000000000
1217,0.53000000000000003,1,20.763100000000001,19.316700000000001
1218,0.31,1,20.776700000000002,19.467800000000000
1219,1.1399999999999999,1,20.791000000000000,19.421299999999999
1220,0.91000000000000003,1,20.805099999999999,19.217199999999998
1221,0.44,1,20.818800000000000,19.429099999999998
1222,0.68999999999999995,1,20.832699999999999,19.544699999999999
1223,0.65000000000000002,1,20.846599999999999,19.507899999999999
1224,0.56000000000000005,1,20.860399999999998,19.592400000000001
1225,0.10000000000000001,1,20.873799999999999,19.576899999999998
1226,0.55000000000000004,1,20.887499999999999,19.643799999999999
1227,0.45000000000000001,1,20.901199999999999,19.611300000000000
1228,0.64000000000000001,1,20.914999999999999,19.642299999999999
1229,0.33000000000000002,1,20.928500000000000,20.080900000000000
1230,0.34000000000000002,1,20.942100000000000,20.112800000000000
1231,0.58999999999999997,1,20.955800000000000,20.020299999999999
1232,0.52000000000000002,1,20.969400000000000,20.006100000000000
1233,0.97999999999999998,1,20.983499999999999,19.826799999999999
1234,1.6299999999999999,1,20.998000000000001,19.917500000000000
1235,1.3899999999999999,1,21.012300000000000,19.761199999999999
1236,1.2300000000000000,1,21.026499999999999,19.893400000000000
1237,0.91000000000000003,1,21.040400000000002,20.147200000000002
1238,0.5,1,21.053999999999998,20.015799999999999
1239,-0.029999999999999999,1,21.067100000000000,20.173700000000000
1240,0.26000000000000001,1,21.080500000000001,20.306999999999999
1241,0.12,1,21.093699999999998,20.557900000000000
1242,-0.050000000000000003,1,21.106800000000000,20.757600000000000
1243,-0.69999999999999996,1,21.119299999999999,20.479600000000001
1244,-0.83999999999999997,1,21.131799999999998,20.371600000000001
1245,-1.3000000000000000,1,21.143899999999999,20.215399999999999
1246,-1.1399999999999999,1,21.155999999999999,20.416200000000000
1247,-1.5200000000000000,1,21.167899999999999,20.528700000000001
1248,-1.3400000000000001,1,21.179900000000000,20.523000000000000
1249,-2.4199999999999999,1,21.190999999999999,20.700099999999999
1250,-2.0499999999999998,1,21.202500000000001,20.748300000000000
1251,-2.0099999999999998,1,21.213899999999999,20.925100000000000
1252,-1.7900000000000000,1,21.225500000000000,20.962000000000000
1253,-1.5800000000000001,1,21.237300000000001,21.040199999999999
1254,-1.3500000000000001,1,21.249199999999998,21.181999999999999
1255,-1.4500000000000000,1,21.261099999999999,21.045600000000000
1256,-1.9500000000000000,1,21.272500000000001,21.288100000000000
1257,-1.7200000000000000,1,21.284099999999999,21.148499999999999
1258,-2.3999999999999999,1,21.295200000000001,21.019700000000000
1259,-2.1600000000000001,1,21.306500000000000,20.895000000000000
1260,-2.2400000000000002,1,21.317599999999999,21.099499999999999
1261,-1.2200000000000000,1,21.329599999999999,21.272500000000001
1262,-0.53000000000000003,1,21.342099999999999,21.285599999999999
1263,-0.87,1,21.354399999999998,21.221499999999999
1264,-0.89000000000000001,1,21.366599999999998,21.202700000000000
1265,-0.87,1,21.378799999999998,21.227599999999999
1266,-0.75,1,21.391100000000002,21.190700000000000
1267,-1.0200000000000000,1,21.403199999999998,21.359400000000001
1268,-1.4800000000000000,1,21.414899999999999,21.292899999999999
1269,-1.5200000000000000,1,21.426600000000001,21.137300000000000
1270,-0.76000000000000001,1,21.438800000000001,21.213699999999999
1271,-0.88,1,21.451000000000001,21.299900000000001
1272,-0.68999999999999995,1,21.463300000000000,21.133600000000001
1273,-0.39000000000000001,1,21.475800000000000,21.216600000000000
1274,0.059999999999999998,1,21.488700000000001,21.458100000000002
1275,-0.14999999999999999,1,21.501400000000000,21.285699999999999
1276,-0.93999999999999995,1,21.513400000000001,21.305299999999999
1277,-0.95999999999999996,1,21.525500000000001,21.306100000000001
1278,-0.71999999999999997,1,21.537700000000001,21.430700000000002
1279,-1.2700000000000000,1,21.549399999999999,21.573899999999998
1280,-1.1499999999999999,1,21.561299999999999,21.373600000000000
1281,-1.2600000000000000,1,21.573100000000000,21.280300000000000
1282,-0.46000000000000002,1,21.585400000000000,21.249400000000001
1283,-0.089999999999999997,1,21.598099999999999,21.300100000000000
1284,-0.23999999999999999,1,21.610600000000002,21.375299999999999
1285,-0.070000000000000007,1,21.623300000000000,21.390899999999998
1286,-0.070000000000000007,1,21.635999999999999,21.468900000000001
1287,-0.46000000000000002,1,21.648299999999999,21.510899999999999
1288,-1.0100000000000000,1,21.660200000000000,21.522500000000001
1289,-0.92000000000000004,1,21.672100000000000,21.593900000000001
1290,-1.3300000000000001,1,21.683700000000002,21.744900000000001
1291,-0.91000000000000003,1,21.695699999999999,21.806899999999999
1292,-0.46999999999999997,1,21.707899999999999,21.795500000000001
1293,-0.51000000000000001,1,21.720199999999998,21.936900000000001
1294,-0.28000000000000003,1,21.732600000000001,21.900200000000002
1295,0.20000000000000001,1,21.745400000000000,21.847400000000000
1296,0.059999999999999998,1,21.757999999999999,21.957500000000000
1297,0.0,1,21.770600000000002,21.983100000000000
1298,0.01,1,21.783200000000001,22.149699999999999
1299,-0.080000000000000002,1,21.795800000000000,22.224499999999999
1300,-0.47999999999999998,1,21.808000000000000,22.181000000000001
1301,-0.44,1,21.820200000000000,22.180800000000001
1302,-0.90000000000000002,1,21.832000000000001,22.150300000000001
1303,-1.0400000000000000,1,21.843699999999998,22.086200000000002
1304,-1.1499999999999999,1,21.855300000000000,22.019500000000001
1305,-1.1599999999999999,1,21.866900000000001,22.241800000000001
1306,-1.4199999999999999,1,21.878299999999999,22.265799999999999
1307,-1.0,1,21.890000000000001,22.195499999999999
1308,-1.3200000000000001,1,21.901499999999999,22.040900000000001
1309,-1.3799999999999999,1,21.912900000000000,22.126100000000001
1310,-1.6299999999999999,1,21.923999999999999,22.269100000000002
1311,-1.4700000000000000,1,21.935300000000002,22.224100000000000
1312,-1.8000000000000000,1,21.946400000000001,22.491099999999999
1313,-1.8799999999999999,1,21.957300000000000,22.466899999999999
1314,-1.6899999999999999,1,21.968399999999999,22.499099999999999
1315,-1.1599999999999999,1,21.979900000000001,22.340000000000000
1316,-1.4900000000000000,1,21.991199999999999,22.238700000000001
1317,-2.1800000000000002,1,22.001799999999999,22.458100000000002
1318,-2.0899999999999999,0,21.982600000000001,22.275700000000001
1319,-1.8600000000000001,0,21.963600000000000,22.037700000000001
1320,-2.5699999999999998,0,21.943999999999999,22.152799999999999
1321,-2.8199999999999998,0,21.924299999999999,22.105200000000000
1322,-3.1200000000000001,0,21.904299999999999,21.831299999999999
1323,-2.3599999999999999,0,21.884899999999998,21.968599999999999
1324,-2.7100000000000000,0,21.865300000000001,21.907000000000000
1325,-3.2900000000000000,0,21.845300000000002,21.792300000000001
1326,-3.3100000000000001,0,21.825199999999999,21.794799999999999
1327,-3.1299999999999999,0,21.805299999999999,21.841999999999999
1328,-2.8100000000000001,0,21.785699999999999,21.740900000000000
1329,-2.4500000000000002,0,21.766300000000001,21.673500000000001
1330,-2.7200000000000002,0,21.746800000000000,21.712800000000001
1331,-3.2700000000000000,0,21.726900000000001,21.602900000000002
1332,-3.7000000000000002,0,21.706600000000002,21.679200000000002
1333,-3.2799999999999998,0,21.686699999999998,21.676100000000002
1334,-3.1200000000000001,0,21.666899999999998,21.730499999999999
1335,-2.6299999999999999,0,21.647500000000001,21.652300000000000
1336,-2.4800000000000000,0,21.628200000000000,21.624600000000001
1337,-3.0899999999999999,0,21.608499999999999,21.687400000000000
1338,-3.2900000000000000,0,21.588699999999999,21.569500000000001
1339,-2.1600000000000001,0,21.569700000000001,21.472899999999999
1340,-1.9800000000000000,0,21.550899999999999,21.521899999999999
1341,-2.1600000000000001,0,21.532000000000000,21.375299999999999
1342,-1.3600000000000001,0,21.513800000000000,21.527600000000000
1343,-1.4700000000000000,0,21.495400000000000,21.512799999999999
1344,-2.0899999999999999,0,21.476600000000001,21.337900000000001
1345,-1.5,0,21.458300000000001,21.371600000000001
1346,-1.6100000000000001,0,21.439900000000002,21.333200000000001
1347,-2.8500000000000001,0,21.420500000000001,21.353700000000000
1348,-3.4199999999999999,0,21.400700000000001,21.420400000000001
1349,-3.4199999999999999,0,21.380900000000000,21.497499999999999
1350,-3.5499999999999998,0,21.361000000000001,21.198399999999999
1351,-3.8300000000000001,0,21.340900000000001,21.272300000000001
1352,-3.5600000000000001,0,21.321100000000001,21.071000000000002
1353,-3.7100000000000000,0,21.301100000000002,20.922799999999999
1354,-3.7300000000000000,0,21.281199999999998,21.017499999999998
1355,-3.2400000000000002,0,21.261600000000001,20.899899999999999
1356,-3.3799999999999999,0,21.241900000000001,21.112700000000000
1357,-3.7000000000000002,0,21.222000000000001,20.827500000000001
1358,-3.6899999999999999,0,21.202200000000001,20.808800000000002
1359,-3.4100000000000001,0,21.182600000000001,20.803999999999998
1360,-3.3599999999999999,0,21.163000000000000,20.805599999999998
1361,-3.2400000000000002,0,21.143500000000000,20.859900000000000
1362,-3.4399999999999999,0,21.123899999999999,20.743500000000001
1363,-3.6400000000000001,0,21.104199999999999,20.853700000000000
1364,-3.7400000000000002,0,21.084299999999999,20.924299999999999
1365,-3.6899999999999999,0,21.064599999999999,20.852599999999999
1366,-3.7300000000000000,0,21.044799999999999,20.889600000000002
1367,-3.6200000000000001,0,21.025099999999998,20.855799999999999
1368,-2.9399999999999999,0,21.006000000000000,20.834499999999998
1369,-3.2000000000000002,0,20.986699999999999,20.898099999999999
1370,-3.3799999999999999,0,20.967300000000002,20.736799999999999
1371,-2.8999999999999999,0,20.948200000000000,20.792700000000000
1372,-3.0699999999999998,0,20.929099999999998,20.826000000000001
1373,-2.7999999999999998,0,20.910200000000000,20.737900000000000
1374,-2.9600000000000000,0,20.891100000000002,20.812100000000001
1375,-3.2400000000000002,0,20.871900000000000,20.748200000000001
1376,-3.6299999999999999,0,20.852300000000000,20.630800000000001
1377,-3.1800000000000002,0,20.833200000000001,20.756499999999999
1378,-2.5200000000000000,0,20.814499999999999,20.902999999999999
1379,-2.6099999999999999,0,20.795900000000000,20.720400000000001
1380,-3.1499999999999999,0,20.776800000000001,20.847500000000000
1381,-3.0299999999999998,0,20.757800000000000,20.743900000000000
1382,-3.6899999999999999,0,20.738299999999999,20.621500000000001
1383,-4.0,0,20.718499999999999,20.532000000000000
1384,-3.8199999999999998,0,20.699000000000002,20.775200000000002
1385,-3.5899999999999999,0,20.679600000000001,20.786799999999999
1386,-3.4600000000000000,0,20.660399999999999,20.863900000000001
1387,-3.6400000000000001,0,20.640999999999998,20.750499999999999
1388,-3.2999999999999998,0,20.621900000000000,20.805700000000002
1389,-3.2599999999999998,0,20.602799999999998,20.741599999999998
1390,-3.6299999999999999,0,20.583500000000001,20.661000000000001
1391,-2.8599999999999999,0,20.564800000000002,20.654199999999999
1392,-3.3599999999999999,0,20.545700000000000,20.668500000000002
1393,-3.3700000000000001,0,20.526599999999998,20.582400000000000
1394,-3.1899999999999999,0,20.507700000000000,20.420100000000001
1395,-2.7100000000000000,0,20.489200000000000,20.196000000000002
1396,-2.6299999999999999,0,20.470800000000001,20.116499999999998
1397,-1.8799999999999999,0,20.452900000000000,20.235600000000002
1398,-2.5,0,20.434600000000000,20.179500000000001
1399,-2.6000000000000001,0,20.416300000000000,20.227499999999999
1400,-2.5699999999999998,0,20.397900000000000,20.230599999999999
1401,-2.0499999999999998,0,20.379999999999999,20.315400000000000
1402,-2.6899999999999999,0,20.361599999999999,20.342300000000002
1403,-2.5800000000000001,0,20.343299999999999,20.346900000000002
1404,-2.4199999999999999,0,20.325199999999999,20.456099999999999
1405,-2.5699999999999998,0,20.306899999999999,20.325099999999999
1406,-3.5200000000000000,0,20.287900000000000,20.230399999999999
1407,-4.3200000000000003,0,20.268300000000000,20.403400000000001
1408,-3.5899999999999999,0,20.249300000000002,20.385999999999999
1409,-3.4100000000000001,0,20.230399999999999,20.366499999999998
1410,-3.1299999999999999,0,20.211800000000000,20.555499999999999
1411,-3.2700000000000000,0,20.193000000000001,20.277000000000001
1412,-2.7999999999999998,0,20.174700000000001,20.247199999999999
1413,-3.4100000000000001,0,20.155899999999999,20.178500000000000
1414,-3.5699999999999998,0,20.137000000000000,20.000900000000001
1415,-3.3100000000000001,0,20.118300000000001,20.121900000000000
1416,-3.4100000000000001,0,20.099499999999999,20.107199999999999
1417,-3.7700000000000000,0,20.080500000000001,20.171500000000002
1418,-4.1200000000000001,0,20.061199999999999,20.025700000000001
1419,-4.1299999999999999,0,20.041899999999998,20.129999999999999
1420,-4.0499999999999998,0,20.022600000000001,20.183599999999998
1421,-3.5200000000000000,0,20.003900000000002,19.999800000000000
1422,-2.9900000000000002,0,19.985499999999998,20.025800000000000
1423,-2.8399999999999999,1,19.997299999999999,20.046299999999999
1424,-2.8599999999999999,1,20.009000000000000,19.684999999999999
1425,-2.1699999999999999,1,20.021300000000000,19.693200000000001
1426,-1.8100000000000001,1,20.033799999999999,19.876999999999999
1427,-1.5400000000000000,1,20.046600000000002,19.815700000000000
1428,-2.1099999999999999,1,20.058800000000002,19.888400000000001
1429,-1.8000000000000000,1,20.071400000000001,19.969899999999999
1430,-2.1299999999999999,1,20.083600000000001,19.957999999999998
1431,-2.5,1,20.095600000000001,20.043500000000002
1432,-1.9099999999999999,1,20.108000000000001,19.978899999999999
1433,-1.7900000000000000,1,20.120500000000000,19.920600000000000
1434,-2.1099999999999999,1,20.132700000000000,20.057600000000001
1435,-2.8900000000000001,1,20.144300000000001,20.062799999999999
1436,-2.0400000000000000,1,20.156500000000001,20.252300000000002
1437,-1.9399999999999999,1,20.168900000000001,20.366299999999999
1438,-1.9299999999999999,1,20.181200000000000,20.313600000000001
1439,-1.6299999999999999,1,20.193800000000000,20.264500000000002
